route,description
B0001D1PPMO,"Pipe(Hydraulic) Inspection - B1433 - Amine Expansion Vessel
Filter(Liquid) Inspection - B1437 - Amine Piping System
Pipe(Hydraulic) Inspection - B1441 - Acetate Expansion Vessel (Potassium)
Pipe(Hydraulic) Inspection - B1444 - Acetate Piping System (Potassium)"
B0001D1PPMO1,Gauge(Pressure) Inspection
B0001M1PDMM,Inspect Valve(Hand)
B0001M1PDMM1,Valve (Check) Inspection
B0001M1PPME,Inspect Motor(AC)
B0001M1PPMM,"Inspect Arm(Torque) - B1105 - Polyol Unloading Pump
Inspect Arm(Torque) - B1115 - Polyol Tanks Transfer Pump
Inspect Pump for Leaks & Bad Noise - B1803 - Polyol Mix Dynamic Mixer
Inspect Arm(Torque) - B1805 - Polyol Mix Delivery Pump
Inspect Arm(Torque) - B1820 - Polyol Mix Metering Pump 1
Inspect Arm(Torque) - B1822 - Polyol Mix Metering Pump 2
Inspect Arm(Torque) - B1824 - Polyol Mix Metering Pump 3"
B0001M1PPMM1,Inspect Guard
B0001M1PPMM2,Diaphragm Pump Inspection
B0001M3HKGM,Pump Cleaning
B0001M3HKGM1,Valve(Hand) Cleaning
B0001M3PPME,Inspect Motor(AC) 1
B0001M3PPME1,Inspect Sensor(Level)
B0001M3PPMM,Inspect Hose(Pneumatic)
B0001M3PPMM1,Inspect Valve
B0001M3PPMM2,Inspect Valve(Hand)
B0001M3PPMM3,Inspect Coupling
B0001M3PPMM4,Valve(Hand) Cleaning
B0001M3PPMO,Inspect Valve(Ball/Butterfly/Globe)
B0001M6HKGO,Sensor(Level) Cleaning
B0001M6PPMM,Inspect Valve(Flow Control) 1
B0001M6PPMM1,Sensor(Level) Cleaning
B0001W1PPMO,GearBox Inspection
B0001W1PPMO1,Valve(Hand) Inspection
B0001Y1LC1M,Inspect Valve(Pressure Relief/Safety)
B0001Y1LUBM,Inspect Oil(Gearbox)
B0001Y1PPME,Inspect Motor(AC) 2
B0001Y1PPMM,"Inspect Valve(Flow Control) - B1110 - Polyol Storage Tank 1
Valve(Vacuum Relief) Inspection - B1110 - Polyol Storage Tank 1
Inspect Valve(Flow Control) - B1114 - Polyol Storage Tank 2
Inspect Valve(Flow Control) - B1135 - Polyol Heat Exchanger
Inspect Valve(Flow Control) - B1140 - Polyol Piping System
Inspect Valve(Flow Control) - B1813 - Polyol Mix Heat Exchanger 1
Inspect Valve(Flow Control) - B1815 - Polyol Mix Heat Exchanger 2
Inspect Valve(Flow Control) - B1817 - Polyol Mix Heat Exchanger 3
Inspect Valve(Flow Control) - B1827 - Polyol Mix Piping System"
B0001Y1PPMM1,Inspect Heater(Electric)
B0001Y1PPMM2,Oil(Gearbox) Inspection
B1000M1PDME,"Inspect Winding(AC) - B1005 - MDI Unloading Pump
Inspect Junction Box - B1040 - MDI Tanks Transfer Pump
Inspect Junction Box - B1050 - MDI Heat Exchanger
Inspect Junction Box - B1054 - MDI Metering Heat Exchanger 1
Inspect Junction Box - B1055 - MDI Metering Heat Exchanger 2
Inspect Junction Box - B1056 - MDI Metering Heat Exchanger 3"
B1000M3PPME,"Inspect Fan(Motor) - B1005 - MDI Unloading Pump
CLEANING - B1040 - MDI Tanks Transfer Pump
Inspect Junction Box - B1050 - MDI Heat Exchanger
Inspect Power Cable - B1054 - MDI Metering Heat Exchanger 1
Inspect Power Cable - B1055 - MDI Metering Heat Exchanger 2
Inspect Power Cable - B1056 - MDI Metering Heat Exchanger 3"
B1000M3PPME1,Inspect Sensor(Level)
B1000M3PPMM,Inspect Coupling
B1000M3PPMM1,Inspect Bolt
B1000M3PPMM2,Inspect Bolt
B1000M3PPMM3,"Inspect Oil(Gearbox) - B1005 - MDI Unloading Pump
Inspect Oil (Gearbox) - B1040 - MDI Tanks Transfer Pump"
B1000M3PPMM4,Impeller Inspection
B1000M3PPMM5,Inspect Hose(Pneumatic)
B1000Y1HKGM,Tank (Body) Cleaning
B1000Y1LC1M,Inspect Valve(Pressure Relief/Safety Asphalt)
B1000Y1PPMM,Inspect Valve(Flow Control)
B1000Y1PPMM1,"Inspect Tank (Body) - B1010 - MDI Storage Tank 1
Inspect Tank(Body) - B1013 - MDI Storage Tank 2"
B1000Y1PPMM2,Valve(Vacuum Relief) Inspection
B1000Y1PPMM3,Inspect Heater(Electric)
B1100M3PPME,Inspect Sensor(Thermo)
B1200D1PPMO,"Pipe(Fluid) Inspection - B1215 - Octoate Storage Tank (Potassium)
Filter(Liquid) Inspection - B1230 - Octoate Piping System (Potassium)
Gauge(Pressure) Inspection - B1230 - Octoate Piping System (Potassium)"
B1200D1PPMO1,Packing Seal Inspection
B1200M1PPME1,Octoate Tank Transfer Pump Motor(AC) Inspection
B1200M1PPMM,"Octoate Tank Transfer Pump Casing Inspection - B1216 - Octoate Tank Transfer Pump (Potassium)
Octoate Tank Transfer Pump Gearbox Inspection - B1216 - Octoate Tank Transfer Pump (Potassium)
Octoate Tank Transfer Pump Rotor (Pump) Inspection - B1225 - Octoate Metering Pump (Potassium)
Octoate Pump(Metering) Inspection - B1225 - Octoate Metering Pump (Potassium)"
B1200M3PPME1,Motor(AC) Inspection
B1200M3PPMM,"Octoate Unloading, Transfer and Metering Pump Screen Inspection"
B1200M3PPMM1,Valve(Hand) Inspection
B1200M3PPMM2,Valve(Pressure Relief/Safety) Inspection
B1200M3PPMO,Pipe Fluid Inspection
B1200M3PPMO3,Valve(Hand) Cleaning
B1200M3PPMO4,"Octoate Unloading, Transfer and Metering Pump Screen Cleaning"
B1200M3PPMO5,Pump Casing Cleaning
B1200M3PPMO7,Octoate Transfer and Metering Pump & Piping System Bolt Inspection
B1200W1PPMO,Valve(Hand) Inspection
B1200W1PPMO1,Bearing Inspection
B1200Y1PPME,Motor(AC) Inspection
B1300M1PPME,Inspect Motor(AC)
B1300M1PPMM,"Inspect GearBox - B1316 - Flame Retardant Tank Transfer Pump
Inspect Bearing - B1316 - Flame Retardant Tank Transfer Pump
Inspect GearBox - B1325 - Flame Retardant Metering Pump
Inspect Bearing - B1325 - Flame Retardant Metering Pump"
B1300M3HKGM,"Pump Casing Cleaning - B1316 - Flame Retardant Tank Transfer Pump
Inspect Coupling - B1316 - Flame Retardant Tank Transfer Pump
Pump Casing Cleaning - B1325 - Flame Retardant Metering Pump
Inspect Coupling - B1325 - Flame Retardant Metering Pump"
B1300M3HKGM1,"Valve(Hand) Cleaning - B1303 - Flame Retardant Unloading Station (Truck)
Inspect Valve(Hand) - B1303 - Flame Retardant Unloading Station (Truck)
Valve(Hand) Cleaning - B1316 - Flame Retardant Tank Transfer Pump
Inspect Valve(Hand) - B1316 - Flame Retardant Tank Transfer Pump
Valve(Hand) Cleaning - B1305 - Flame Retardant Unloading Pump
Inspect Valve(Hand) - B1305 - Flame Retardant Unloading Pump
Valve(Hand) Cleaning - B1325 - Flame Retardant Metering Pump
Inspect Valve(Hand) - B1325 - Flame Retardant Metering Pump
Valve(Hand) Cleaning - B1330 - Flame Retardant Piping System
Inspect Valve(Hand) - B1330 - Flame Retardant Piping System"
B1300M3PPME,Motor(AC) Inspection
B1300M3PPMM,Guard Inspection
B1300M3PPMM1,Arm(Torque) Inspection
B1300Y1PPME,Motor(AC) Inspection
B1300Y1PPMM,Oil(Gearbox) Inspection
B1300Y1PPMM1,Valve(Pressure Relief/Safety) Inspection
B1600M1PDMM,"Motor (AC) Bearing Inspection - B1615 - Pentane Tank Transfer Pump 1
Pump (Centrifugal) Bearing Inspection - B1615 - Pentane Tank Transfer Pump 1
Gearbox Bearing Inspection - B1615 - Pentane Tank Transfer Pump 1
Coupling Inspection - B1615 - Pentane Tank Transfer Pump 1
Motor (AC) Bearing Inspection - B1617 - Pentane Tank Transfer Pump 2
Pump (Centrifugal) Bearing Inspection - B1617 - Pentane Tank Transfer Pump 2
Gearbox Bearing Inspection - B1617 - Pentane Tank Transfer Pump 2
Coupling Inspection - B1617 - Pentane Tank Transfer Pump 2"
B1600M1PDMM1,"Motor (AC) Bearing Inspection - B1642 - Pentane Metering Tri-pump 1
Gearbox Bearing Inspection - B1642 - Pentane Metering Tri-pump 1
Motor (AC) Bearing Inspection - B1643 - Pentane Metering Tri-pump 2
Gearbox Bearing Inspection - B1643 - Pentane Metering Tri-pump 2
Motor (AC) Bearing Inspection - B1644 - Pentane Metering Tri-pump 3
Gearbox Bearing Inspection - B1644 - Pentane Metering Tri-pump 3"
B1600M1PPMM,Inspect Oil(Gearbox)
B1600M2PDMM,"Pump (Centrifugal) Valve Inspection - B1615 - Pentane Tank Transfer Pump 1
Hand Valve Inspection - B1615 - Pentane Tank Transfer Pump 1
Pump (Centrifugal) Valve Inspection - B1617 - Pentane Tank Transfer Pump 2
Hand Valve Inspection - B1617 - Pentane Tank Transfer Pump 2"
B1600M3PPME,"Inspect Fan(Motor) - B1615 - Pentane Tank Transfer Pump 1
Inspect Power Cable - B1615 - Pentane Tank Transfer Pump 1
Inspect Junction Box - B1615 - Pentane Tank Transfer Pump 1
Inspect Fan(Motor) - B1617 - Pentane Tank Transfer Pump 2
Inspect Power Cable - B1617 - Pentane Tank Transfer Pump 2
Inspect Junction Box - B1617 - Pentane Tank Transfer Pump 2"
B1600M3PPMM,"Inspect Bolt - B1615 - Pentane Tank Transfer Pump 1
Inspect Coupling - B1615 - Pentane Tank Transfer Pump 1
Inspect Valve - B1615 - Pentane Tank Transfer Pump 1
Inspect Valve(Hand) - B1615 - Pentane Tank Transfer Pump 1
Inspect Bolt - B1617 - Pentane Tank Transfer Pump 2
Inspect Coupling - B1617 - Pentane Tank Transfer Pump 2
Inspect Valve - B1617 - Pentane Tank Transfer Pump 2
Inspect Valve(Hand) - B1617 - Pentane Tank Transfer Pump 2
Inspect Bolt - B1635 - Pentane Heat Exchanger
Inspect Coupling - B1635 - Pentane Heat Exchanger
Inspect Valve - B1635 - Pentane Heat Exchanger
Inspect Valve(Hand) - B1635 - Pentane Heat Exchanger"
B1600M3PPMM1,"Inspect Fan(Motor) - B1627 - Pentane Sump Pump
Inspect Power Cable - B1627 - Pentane Sump Pump
Inspect Junction Box - B1627 - Pentane Sump Pump
Inspect Brush(Commutator) - B1627 - Pentane Sump Pump
Inspect Fan(Motor) - B1642 - Pentane Metering Tri-pump 1
Inspect Power Cable - B1642 - Pentane Metering Tri-pump 1
Inspect Junction Box - B1642 - Pentane Metering Tri-pump 1
Inspect Brush(Commutator) - B1642 - Pentane Metering Tri-pump 1
Inspect Fan(Motor) - B1643 - Pentane Metering Tri-pump 2
Inspect Power Cable - B1643 - Pentane Metering Tri-pump 2
Inspect Junction Box - B1643 - Pentane Metering Tri-pump 2
Inspect Brush(Commutator) - B1643 - Pentane Metering Tri-pump 2
Inspect Fan(Motor) - B1644 - Pentane Metering Tri-pump 3
Inspect Power Cable - B1644 - Pentane Metering Tri-pump 3
Inspect Junction Box - B1644 - Pentane Metering Tri-pump 3
Inspect Brush(Commutator) - B1644 - Pentane Metering Tri-pump 3"
B1600M3PPMM2,Inspect Bolt
B1600Y1PPME,"Inspect Encoder - B1615 - Pentane Tank Transfer Pump 1
Inspect Winding(AC) - B1615 - Pentane Tank Transfer Pump 1
Inspect Encoder - B1617 - Pentane Tank Transfer Pump 2
Inspect Winding(AC) - B1617 - Pentane Tank Transfer Pump 2
Inspect Encoder - B1642 - Pentane Metering Tri-pump 1
Inspect Winding(AC) - B1642 - Pentane Metering Tri-pump 1
Inspect Encoder - B1643 - Pentane Metering Tri-pump 2
Inspect Winding(AC) - B1643 - Pentane Metering Tri-pump 2
Inspect Encoder - B1644 - Pentane Metering Tri-pump 3
Inspect Winding(AC) - B1644 - Pentane Metering Tri-pump 3"
B1600Y1PPMM,"Flow Switch Inspection - B1615 - Pentane Tank Transfer Pump 1
Flow Control Valve Inspection - B1615 - Pentane Tank Transfer Pump 1
Flow Switch Inspection - B1617 - Pentane Tank Transfer Pump 2
Flow Control Valve Inspection - B1617 - Pentane Tank Transfer Pump 2"
B1600Y1PPMM1,Pressure Relief/Safety Valve Inspection
B1800M3HKGM,Pump Casing Cleaning
B3000D1PPMO,Packing Seal Inspection
B3000M1PPMM,Cylinder(Air) Inspection
B3000M1PPMM1,Knife Inspection
B3000M1PPMM2,Fan Inspection
B3000M1PPMM3,Brake Cylinder(Air) Inspection
B3000M1PPMO1,Pump Casing Inspection
B3000M3PPMO,Pump Casing Cleaning
B3000W1PPMO,Knife Cleaning
B3000W1PPMO1,Guide Cleaning
B3200M3PPMM,Pour Table Bolt Inspection
B3200M3PPMM1,Injector Inspection
B3200W1PPMO,"Mixhead Cleaning - B3220 - Pouring Table Application Gun 1 (Mix Head)
Injector Inspection - B3220 - Pouring Table Application Gun 1 (Mix Head)
Mixhead Cleaning - B3221 - Pouring Table Application Gun 2 (Mix Head)
Injector Inspection - B3221 - Pouring Table Application Gun 2 (Mix Head)
Mixhead Cleaning - B3222 - Pouring Table Application Gun 3 (Mix Head)
Injector Inspection - B3222 - Pouring Table Application Gun 3 (Mix Head)"
C1050W4SAFM,"Crane & Hoist Inspection - C1141 - Crane 1 (TPO,Scrim,3 Ton)
Spreader Beam - C1141 - Crane 1 (TPO,Scrim,3 Ton)
Crane & Hoist Inspection - C1142 - Crane 2 (TPO,10 Ton)
Spreader Beam - C1142 - Crane 2 (TPO,10 Ton)
Crane & Hoist Inspection - C1143 - Crane 3 (ISO,Facer)
Spreader Beam - C1143 - Crane 3 (ISO,Facer)
Crane & Hoist Inspection - C1161 - Hoist 1 (TPO,Top Extruder)
Spreader Beam - C1161 - Hoist 1 (TPO,Top Extruder)
Crane & Hoist Inspection - C1162 - Hoist 2 (TPO,Bottom Extruder)
Spreader Beam - C1162 - Hoist 2 (TPO,Bottom Extruder)
Crane & Hoist Inspection - C1163 - Hoist 3 (TPO,Top Weathering Package)
Spreader Beam - C1163 - Hoist 3 (TPO,Top Weathering Package)
Crane & Hoist Inspection - C1164 - Hoist 4 (TPO,Bottom Weathering Package)
Spreader Beam - C1164 - Hoist 4 (TPO,Bottom Weathering Package)
Crane & Hoist Inspection - C1165 - Hoist 5 (TPO,MgOH2 Spare)
Spreader Beam - C1165 - Hoist 5 (TPO,MgOH2 Spare)
Crane & Hoist Inspection - C1166 - Hoist 6 (ISO,MSK)
Spreader Beam - C1166 - Hoist 6 (ISO,MSK)"
C1660M2PDMM,SDT Route
C3001Y2SAFM,"Contact - C3040 - Compressed Air Receiver Tank 1 (400 GAL)
Inspect - C3040 - Compressed Air Receiver Tank 1 (400 GAL)
Document - C3040 - Compressed Air Receiver Tank 1 (400 GAL)
Display & Document - C3040 - Compressed Air Receiver Tank 1 (400 GAL)
Contact - C3057 - Compressed Air Receiver Tank 2 (1500 GAL)
Inspect - C3057 - Compressed Air Receiver Tank 2 (1500 GAL)
Document - C3057 - Compressed Air Receiver Tank 2 (1500 GAL)
Display & Document - C3057 - Compressed Air Receiver Tank 2 (1500 GAL)"
C3500M3PPMM,"Contact - C3502 - Forklift 1 (Yale)
Notify - C3502 - Forklift 1 (Yale)
Document - C3502 - Forklift 1 (Yale)
Contact - C3503 - Forklift 2 (Combi)
Notify - C3503 - Forklift 2 (Combi)
Document - C3503 - Forklift 2 (Combi)
Contact - C3504 - Forklift 3 (Combi)
Notify - C3504 - Forklift 3 (Combi)
Document - C3504 - Forklift 3 (Combi)
Contact - C3505 - Forklift 4 (Yale)
Notify - C3505 - Forklift 4 (Yale)
Document - C3505 - Forklift 4 (Yale)
Contact - C3506 - Forklift 5 (Yale)
Notify - C3506 - Forklift 5 (Yale)
Document - C3506 - Forklift 5 (Yale)
Contact - C4000 - Scissor Lift (Skyjack)
Notify - C4000 - Scissor Lift (Skyjack)
Document - C4000 - Scissor Lift (Skyjack)
Contact - C4012 - Boom Lift (Genie)
Notify - C4012 - Boom Lift (Genie)
Document - C4012 - Boom Lift (Genie)
Contact - C4025 - Shaft Lifter (Schlumpf)
Notify - C4025 - Shaft Lifter (Schlumpf)
Document - C4025 - Shaft Lifter (Schlumpf)"
C3500M6PPMM,"Contact - C3502 - Forklift 1 (Yale)
Notify - C3502 - Forklift 1 (Yale)
Document - C3502 - Forklift 1 (Yale)
Contact - C3503 - Forklift 2 (Combi)
Notify - C3503 - Forklift 2 (Combi)
Document - C3503 - Forklift 2 (Combi)
Contact - C3504 - Forklift 3 (Combi)
Notify - C3504 - Forklift 3 (Combi)
Document - C3504 - Forklift 3 (Combi)
Contact - C3505 - Forklift 4 (Yale)
Notify - C3505 - Forklift 4 (Yale)
Document - C3505 - Forklift 4 (Yale)
Contact - C3506 - Forklift 5 (Yale)
Notify - C3506 - Forklift 5 (Yale)
Document - C3506 - Forklift 5 (Yale)
Contact - C4000 - Scissor Lift (Skyjack)
Notify - C4000 - Scissor Lift (Skyjack)
Document - C4000 - Scissor Lift (Skyjack)
Contact - C4012 - Boom Lift (Genie)
Notify - C4012 - Boom Lift (Genie)
Document - C4012 - Boom Lift (Genie)
Contact - C4025 - Shaft Lifter (Schlumpf)
Notify - C4025 - Shaft Lifter (Schlumpf)
Document - C4025 - Shaft Lifter (Schlumpf)"
C3500Y1PPMM,"Contact - C3502 - Forklift 1 (Yale)
Notify - C3502 - Forklift 1 (Yale)
Document - C3502 - Forklift 1 (Yale)
Contact - C3503 - Forklift 2 (Combi)
Notify - C3503 - Forklift 2 (Combi)
Document - C3503 - Forklift 2 (Combi)
Contact - C3504 - Forklift 3 (Combi)
Notify - C3504 - Forklift 3 (Combi)
Document - C3504 - Forklift 3 (Combi)
Contact - C3505 - Forklift 4 (Yale)
Notify - C3505 - Forklift 4 (Yale)
Document - C3505 - Forklift 4 (Yale)
Contact - C3506 - Forklift 5 (Yale)
Notify - C3506 - Forklift 5 (Yale)
Document - C3506 - Forklift 5 (Yale)
Contact - C4000 - Scissor Lift (Skyjack)
Notify - C4000 - Scissor Lift (Skyjack)
Document - C4000 - Scissor Lift (Skyjack)
Contact - C4012 - Boom Lift (Genie)
Notify - C4012 - Boom Lift (Genie)
Document - C4012 - Boom Lift (Genie)
Contact - C4025 - Shaft Lifter (Schlumpf)
Notify - C4025 - Shaft Lifter (Schlumpf)
Document - C4025 - Shaft Lifter (Schlumpf)"
FNM001M3HKGE,Fan Motor Inspection
GBX001Y1LUBM,Inspect Gearbox Oil
H3075M3SAFO,"Switch Testing - H3076 - Sprinkler Fire System Pump Room
Siamese Connection - H3076 - Sprinkler Fire System Pump Room
Function test Water Motor Alarm - H3076 - Sprinkler Fire System Pump Room
Main Drain Test - H3076 - Sprinkler Fire System Pump Room
Inspection Documentation - H3076 - Sprinkler Fire System Pump Room
Switch Testing - H3077 - Sprinkler Fire System Pump (Diesel)
Siamese Connection - H3077 - Sprinkler Fire System Pump (Diesel)
Function test Water Motor Alarm - H3077 - Sprinkler Fire System Pump (Diesel)
Main Drain Test - H3077 - Sprinkler Fire System Pump (Diesel)
Inspection Documentation - H3077 - Sprinkler Fire System Pump (Diesel)
Switch Testing - H3083 - Sprinkler Fire System Pump Controller
Siamese Connection - H3083 - Sprinkler Fire System Pump Controller
Function test Water Motor Alarm - H3083 - Sprinkler Fire System Pump Controller
Main Drain Test - H3083 - Sprinkler Fire System Pump Controller
Inspection Documentation - H3083 - Sprinkler Fire System Pump Controller
Switch Testing - H3091 - Sprinkler Fire System Piping and Valve System
Siamese Connection - H3091 - Sprinkler Fire System Piping and Valve System
Function test Water Motor Alarm - H3091 - Sprinkler Fire System Piping and Valve System
Main Drain Test - H3091 - Sprinkler Fire System Piping and Valve System
Inspection Documentation - H3091 - Sprinkler Fire System Piping and Valve System"
H3075Y1SAFO,"Wet Fire Sprinkler System - H3076 - Sprinkler Fire System Pump Room
Siamese Connection - H3076 - Sprinkler Fire System Pump Room
Pipe Inspection - H3076 - Sprinkler Fire System Pump Room
FunctionTest - H3076 - Sprinkler Fire System Pump Room
Main Drain Test - H3076 - Sprinkler Fire System Pump Room
Control Valve Operation - H3076 - Sprinkler Fire System Pump Room
Lubricate OS&Y Valve - H3076 - Sprinkler Fire System Pump Room
Inspection Documentation - H3076 - Sprinkler Fire System Pump Room
Wet Fire Sprinkler System - H3077 - Sprinkler Fire System Pump (Diesel)
Siamese Connection - H3077 - Sprinkler Fire System Pump (Diesel)
Pipe Inspection - H3077 - Sprinkler Fire System Pump (Diesel)
FunctionTest - H3077 - Sprinkler Fire System Pump (Diesel)
Main Drain Test - H3077 - Sprinkler Fire System Pump (Diesel)
Control Valve Operation - H3077 - Sprinkler Fire System Pump (Diesel)
Lubricate OS&Y Valve - H3077 - Sprinkler Fire System Pump (Diesel)
Inspection Documentation - H3077 - Sprinkler Fire System Pump (Diesel)
Wet Fire Sprinkler System - H3083 - Sprinkler Fire System Pump Controller
Siamese Connection - H3083 - Sprinkler Fire System Pump Controller
Pipe Inspection - H3083 - Sprinkler Fire System Pump Controller
FunctionTest - H3083 - Sprinkler Fire System Pump Controller
Main Drain Test - H3083 - Sprinkler Fire System Pump Controller
Control Valve Operation - H3083 - Sprinkler Fire System Pump Controller
Lubricate OS&Y Valve - H3083 - Sprinkler Fire System Pump Controller
Inspection Documentation - H3083 - Sprinkler Fire System Pump Controller
Wet Fire Sprinkler System - H3091 - Sprinkler Fire System Piping and Valve System
Siamese Connection - H3091 - Sprinkler Fire System Piping and Valve System
Pipe Inspection - H3091 - Sprinkler Fire System Piping and Valve System
FunctionTest - H3091 - Sprinkler Fire System Piping and Valve System
Main Drain Test - H3091 - Sprinkler Fire System Piping and Valve System
Control Valve Operation - H3091 - Sprinkler Fire System Piping and Valve System
Lubricate OS&Y Valve - H3091 - Sprinkler Fire System Piping and Valve System
Inspection Documentation - H3091 - Sprinkler Fire System Piping and Valve System"
HVL001M3HKGM,Hand Valve Inspection
IMP001M3PDMM,Impeller Inspection
JBX001M3PDME,Junction Box Inspection
T0001M1LUBM,BEARING INSPECTION
T0001M1LUBM1,BEARING INSPECTION
T0001M1LUBM2,Inspect Bearing
T0001M1LUBM3,Inspect Bearing
T0001M1LUBM4,Inspect Bearing
T0001M1PDME,"Inspect Winding(AC) - T1120 - Flame Retardant Pressure Blower (Rail to Silo)
Inspect Winding (AC) - T1130 - Flame Retardant Silo
Inspect Winding(AC) - T1133 - Flame Retardant Silo Rotary Airlock (Bottom)
Inspect Winding(AC) - T1136 - Flame Retardant Silo Rotary Airlock (Top)
Inspect Winding(AC) - T1525 - Bottom Weathering Package Bucket Elevator"
T0001M1PDME1,WINDING (AC) INSPECTION
T0001M1PDMM,"Inspect Bearing - T1130 - Flame Retardant Silo
Inspect Screw Flight - T1130 - Flame Retardant Silo
Inspect Bearing - T1545 - Top Weathering Package Bulk Bag Loading System
Inspect Screw Flight - T1545 - Top Weathering Package Bulk Bag Loading System"
T0001M1PDMM1,"Inspect Bearing - T1130 - Flame Retardant Silo
Inspect Coupling - T1130 - Flame Retardant Silo
Inspect Bearing - T1525 - Bottom Weathering Package Bucket Elevator
Inspect Coupling - T1525 - Bottom Weathering Package Bucket Elevator
Inspect Bearing - T1545 - Top Weathering Package Bulk Bag Loading System
Inspect Coupling - T1545 - Top Weathering Package Bulk Bag Loading System
Inspect Bearing - T1565 - Top Weathering Package Bucket Elevator
Inspect Coupling - T1565 - Top Weathering Package Bucket Elevator"
T0001M1PDMM2,"Inspect Coupling - T1120 - Flame Retardant Pressure Blower (Rail to Silo)
Inspect Bearing - T1130 - Flame Retardant Silo
Inspect Coupling - T1130 - Flame Retardant Silo
Inspect Bearing - T1133 - Flame Retardant Silo Rotary Airlock (Bottom)
Inspect Coupling - T1133 - Flame Retardant Silo Rotary Airlock (Bottom)
Inspect Bearing - T1136 - Flame Retardant Silo Rotary Airlock (Top)
Inspect Coupling - T1136 - Flame Retardant Silo Rotary Airlock (Top)
Inspect Bearing - T1525 - Bottom Weathering Package Bucket Elevator
Inspect Coupling - T1525 - Bottom Weathering Package Bucket Elevator
Inspect Bearing - T1565 - Top Weathering Package Bucket Elevator
Inspect Coupling - T1565 - Top Weathering Package Bucket Elevator"
T0001M1PDMM3,"BEARING INSPECTION - T1020 - Resin Vacuum Blower (Rail to Receiver)
COUPLING INSPECTION - T1020 - Resin Vacuum Blower (Rail to Receiver)
BEARING INSPECTION - T1030 - Resin Receiver
COUPLING INSPECTION - T1030 - Resin Receiver
BEARING INSPECTION - T1033 - Resin Receiver Rotary Airlock
COUPLING INSPECTION - T1033 - Resin Receiver Rotary Airlock
BEARING INSPECTION - T1043 - Resin Pressure Blower (Receiver to Silos)
COUPLING INSPECTION - T1043 - Resin Pressure Blower (Receiver to Silos)
BEARING INSPECTION - T1053 - Resin Silo 1
COUPLING INSPECTION - T1053 - Resin Silo 1
BEARING INSPECTION - T1056 - Resin Silo 2
COUPLING INSPECTION - T1056 - Resin Silo 2
BEARING INSPECTION - T1066 - Bottom Resin Vacuum Blower (Silos to Feeders)
COUPLING INSPECTION - T1066 - Bottom Resin Vacuum Blower (Silos to Feeders)
BEARING INSPECTION - T1076 - Top Resin Vacuum Blower (Silos to Feeders)
COUPLING INSPECTION - T1076 - Top Resin Vacuum Blower (Silos to Feeders)
BEARING INSPECTION - T3227 - Bottom Extrusion Thickness Monitoring System
COUPLING INSPECTION - T3227 - Bottom Extrusion Thickness Monitoring System
BEARING INSPECTION - T3299 - Top Extrusion Thickness Monitoring System
COUPLING INSPECTION - T3299 - Top Extrusion Thickness Monitoring System
BEARING INSPECTION - T4250 - Winder Taping System (6 Heads)
COUPLING INSPECTION - T4250 - Winder Taping System (6 Heads)
BEARING INSPECTION - T4404 - Single Roll Belt Conveyor 1 (with Reject Mechanism)
COUPLING INSPECTION - T4404 - Single Roll Belt Conveyor 1 (with Reject Mechanism)"
T0001M1PDMM4,"BEARING INSPECTION - T1030 - Resin Receiver
COUPLING INSPECTION - T1030 - Resin Receiver
BEARING INSPECTION - T1053 - Resin Silo 1
COUPLING INSPECTION - T1053 - Resin Silo 1
BEARING INSPECTION - T1056 - Resin Silo 2
COUPLING INSPECTION - T1056 - Resin Silo 2
BEARING INSPECTION - T3227 - Bottom Extrusion Thickness Monitoring System
COUPLING INSPECTION - T3227 - Bottom Extrusion Thickness Monitoring System
BEARING INSPECTION - T3299 - Top Extrusion Thickness Monitoring System
COUPLING INSPECTION - T3299 - Top Extrusion Thickness Monitoring System
BEARING INSPECTION - T4250 - Winder Taping System (6 Heads)
COUPLING INSPECTION - T4250 - Winder Taping System (6 Heads)
BEARING INSPECTION - T4404 - Single Roll Belt Conveyor 1 (with Reject Mechanism)
COUPLING INSPECTION - T4404 - Single Roll Belt Conveyor 1 (with Reject Mechanism)"
T0001M1PPMM,"Inspect Oil (Gearbox) - T1130 - Flame Retardant Silo
Inspect Oil(Gearbox) - T1525 - Bottom Weathering Package Bucket Elevator
Inspect Oil(Gearbox) - T1565 - Top Weathering Package Bucket Elevator
Inspect Oil(Gearbox) - T1545 - Top Weathering Package Bulk Bag Loading System"
T0001M1PPMM1,GearBox Inspection
T0001M1PPMO,"Inspect Gland (Packing) - T1130 - Flame Retardant Silo
Inspect Gland(Packing) - T1545 - Top Weathering Package Bulk Bag Loading System"
T0001M3HKGE,FAN (MOTOR) INSPECTION
T0001M3HKGE1,FAN (MOTOR) INSPECTION
T0001M3PDME,Inspect Junction Box
T0001M3PDME1,JUNCTION BOX INSPECTION
T0001M3PDMM,"Motor Bearing Inspection - T2036 - Bottom Calender Roll 1 Heat Exchanger Pump
Pump Bearing Inspection - T2036 - Bottom Calender Roll 1 Heat Exchanger Pump
Motor Bearing Inspection - T2039 - Bottom Calender Roll 2 Heat Exchanger Pump
Pump Bearing Inspection - T2039 - Bottom Calender Roll 2 Heat Exchanger Pump
Motor Bearing Inspection - T2042 - Bottom Calender Rolls 3 and 4 Heat Exchanger Pump
Pump Bearing Inspection - T2042 - Bottom Calender Rolls 3 and 4 Heat Exchanger Pump
Motor Bearing Inspection - T2136 - Top Calender Roll 1 Heat Exchanger Pump
Pump Bearing Inspection - T2136 - Top Calender Roll 1 Heat Exchanger Pump
Motor Bearing Inspection - T2139 - Top Calender Roll 2 Heat Exchanger Pump
Pump Bearing Inspection - T2139 - Top Calender Roll 2 Heat Exchanger Pump
Motor Bearing Inspection - T2142 - Top Calender Rolls 3 and 4 Heat Exchanger Pump
Pump Bearing Inspection - T2142 - Top Calender Rolls 3 and 4 Heat Exchanger Pump
Motor Bearing Inspection - T2236 - Cooling Rolls 1 Heat Exchanger Pump
Pump Bearing Inspection - T2236 - Cooling Rolls 1 Heat Exchanger Pump
Motor Bearing Inspection - T2239 - Cooling Rolls 2 and 3 Heat Exchanger Pump
Pump Bearing Inspection - T2239 - Cooling Rolls 2 and 3 Heat Exchanger Pump
Motor Bearing Inspection - T2242 - Cooling Rolls 4 and 5 Heat Exchanger Pump
Pump Bearing Inspection - T2242 - Cooling Rolls 4 and 5 Heat Exchanger Pump
Motor Bearing Inspection - T2320 - Bottom/Top Extruder Barrels Heat Exchanger Pump
Pump Bearing Inspection - T2320 - Bottom/Top Extruder Barrels Heat Exchanger Pump"
T0001M3PDMM1,Impeller Inspection
T0001M3PDMM2,Pump Bearing
T0001M3PPME,"Inspect Fan (Motor) - T1020 - Resin Vacuum Blower (Rail to Receiver)
Inspect Junction Box - T1020 - Resin Vacuum Blower (Rail to Receiver)
Inspect Power Cable - T1020 - Resin Vacuum Blower (Rail to Receiver)
Inspect Fan (Motor) - T1030 - Resin Receiver
Inspect Junction Box - T1030 - Resin Receiver
Inspect Power Cable - T1030 - Resin Receiver
Inspect Fan (Motor) - T1033 - Resin Receiver Rotary Airlock
Inspect Junction Box - T1033 - Resin Receiver Rotary Airlock
Inspect Power Cable - T1033 - Resin Receiver Rotary Airlock
Inspect Fan (Motor) - T1043 - Resin Pressure Blower (Receiver to Silos)
Inspect Junction Box - T1043 - Resin Pressure Blower (Receiver to Silos)
Inspect Power Cable - T1043 - Resin Pressure Blower (Receiver to Silos)
Inspect Fan (Motor) - T1053 - Resin Silo 1
Inspect Junction Box - T1053 - Resin Silo 1
Inspect Power Cable - T1053 - Resin Silo 1
Inspect Fan (Motor) - T1056 - Resin Silo 2
Inspect Junction Box - T1056 - Resin Silo 2
Inspect Power Cable - T1056 - Resin Silo 2
Inspect Fan (Motor) - T1066 - Bottom Resin Vacuum Blower (Silos to Feeders)
Inspect Junction Box - T1066 - Bottom Resin Vacuum Blower (Silos to Feeders)
Inspect Power Cable - T1066 - Bottom Resin Vacuum Blower (Silos to Feeders)
Inspect Fan (Motor) - T1076 - Top Resin Vacuum Blower (Silos to Feeders)
Inspect Junction Box - T1076 - Top Resin Vacuum Blower (Silos to Feeders)
Inspect Power Cable - T1076 - Top Resin Vacuum Blower (Silos to Feeders)
Inspect Fan (Motor) - T3227 - Bottom Extrusion Thickness Monitoring System
Inspect Junction Box - T3227 - Bottom Extrusion Thickness Monitoring System
Inspect Power Cable - T3227 - Bottom Extrusion Thickness Monitoring System
Inspect Fan (Motor) - T3299 - Top Extrusion Thickness Monitoring System
Inspect Junction Box - T3299 - Top Extrusion Thickness Monitoring System
Inspect Power Cable - T3299 - Top Extrusion Thickness Monitoring System
Inspect Fan (Motor) - T4250 - Winder Taping System (6 Heads)
Inspect Junction Box - T4250 - Winder Taping System (6 Heads)
Inspect Power Cable - T4250 - Winder Taping System (6 Heads)
Inspect Fan (Motor) - T4404 - Single Roll Belt Conveyor 1 (with Reject Mechanism)
Inspect Junction Box - T4404 - Single Roll Belt Conveyor 1 (with Reject Mechanism)
Inspect Power Cable - T4404 - Single Roll Belt Conveyor 1 (with Reject Mechanism)"
T0001M3PPME1,"Inspect Fan (Motor) - T1120 - Flame Retardant Pressure Blower (Rail to Silo)
Inspect Junction Box - T1120 - Flame Retardant Pressure Blower (Rail to Silo)
Inspect Power Cable - T1120 - Flame Retardant Pressure Blower (Rail to Silo)
Inspect Fan (Motor) - T1130 - Flame Retardant Silo
Inspect Junction Box - T1130 - Flame Retardant Silo
Inspect Power Cable - T1130 - Flame Retardant Silo
Inspect Fan (Motor) - T1133 - Flame Retardant Silo Rotary Airlock (Bottom)
Inspect Junction Box - T1133 - Flame Retardant Silo Rotary Airlock (Bottom)
Inspect Power Cable - T1133 - Flame Retardant Silo Rotary Airlock (Bottom)
Inspect Fan (Motor) - T1136 - Flame Retardant Silo Rotary Airlock (Top)
Inspect Junction Box - T1136 - Flame Retardant Silo Rotary Airlock (Top)
Inspect Power Cable - T1136 - Flame Retardant Silo Rotary Airlock (Top)
Inspect Fan (Motor) - T1525 - Bottom Weathering Package Bucket Elevator
Inspect Junction Box - T1525 - Bottom Weathering Package Bucket Elevator
Inspect Power Cable - T1525 - Bottom Weathering Package Bucket Elevator
Inspect Fan (Motor) - T1565 - Top Weathering Package Bucket Elevator
Inspect Junction Box - T1565 - Top Weathering Package Bucket Elevator
Inspect Power Cable - T1565 - Top Weathering Package Bucket Elevator
Inspect Fan (Motor) - T1545 - Top Weathering Package Bulk Bag Loading System
Inspect Junction Box - T1545 - Top Weathering Package Bulk Bag Loading System
Inspect Power Cable - T1545 - Top Weathering Package Bulk Bag Loading System"
T0001M3PPME2,"Inspect Coupling - T1030 - Resin Receiver
Inspect Coupling - T1053 - Resin Silo 1
Inspect Coupling - T1056 - Resin Silo 2
Inspect Coupling - T3227 - Bottom Extrusion Thickness Monitoring System
Inspect Coupling - T3299 - Top Extrusion Thickness Monitoring System
Inspect Coupling - T4250 - Winder Taping System (6 Heads)
Inspect Coupling - T4404 - Single Roll Belt Conveyor 1 (with Reject Mechanism)
Resin Storage System Coupling Inspections - T2239 - Cooling Rolls 2 and 3 Heat Exchanger Pump
Complete All Child Work Orders - T2239 - Cooling Rolls 2 and 3 Heat Exchanger Pump
Resin Storage System Coupling Inspections - T2242 - Cooling Rolls 4 and 5 Heat Exchanger Pump
Complete All Child Work Orders - T2242 - Cooling Rolls 4 and 5 Heat Exchanger Pump
Resin Storage System Coupling Inspections - T2320 - Bottom/Top Extruder Barrels Heat Exchanger Pump
Complete All Child Work Orders - T2320 - Bottom/Top Extruder Barrels Heat Exchanger Pump
Resin Storage System Coupling Inspections - T3203 - Bottom Extruder Melt Pump
Complete All Child Work Orders - T3203 - Bottom Extruder Melt Pump
Resin Storage System Coupling Inspections - T3288 - Top Extruder Melt Pump
Complete All Child Work Orders - T3288 - Top Extruder Melt Pump"
T0001M3PPMM,Inspect Coupling
T0001M3PPMM1,"Inspect Bolt - T1020 - Resin Vacuum Blower (Rail to Receiver)
Inspect Coupling - T1020 - Resin Vacuum Blower (Rail to Receiver)
Inspect Bolt - T1030 - Resin Receiver
Inspect Coupling - T1030 - Resin Receiver
Inspect Bolt - T1033 - Resin Receiver Rotary Airlock
Inspect Coupling - T1033 - Resin Receiver Rotary Airlock
Inspect Bolt - T1043 - Resin Pressure Blower (Receiver to Silos)
Inspect Coupling - T1043 - Resin Pressure Blower (Receiver to Silos)
Inspect Bolt - T1053 - Resin Silo 1
Inspect Coupling - T1053 - Resin Silo 1
Inspect Bolt - T1056 - Resin Silo 2
Inspect Coupling - T1056 - Resin Silo 2
Inspect Bolt - T1066 - Bottom Resin Vacuum Blower (Silos to Feeders)
Inspect Coupling - T1066 - Bottom Resin Vacuum Blower (Silos to Feeders)
Inspect Bolt - T1076 - Top Resin Vacuum Blower (Silos to Feeders)
Inspect Coupling - T1076 - Top Resin Vacuum Blower (Silos to Feeders)
Inspect Bolt - T3227 - Bottom Extrusion Thickness Monitoring System
Inspect Coupling - T3227 - Bottom Extrusion Thickness Monitoring System
Inspect Bolt - T3299 - Top Extrusion Thickness Monitoring System
Inspect Coupling - T3299 - Top Extrusion Thickness Monitoring System
Inspect Bolt - T4250 - Winder Taping System (6 Heads)
Inspect Coupling - T4250 - Winder Taping System (6 Heads)
Inspect Bolt - T4404 - Single Roll Belt Conveyor 1 (with Reject Mechanism)
Inspect Coupling - T4404 - Single Roll Belt Conveyor 1 (with Reject Mechanism)"
T0001M3PPMM3,"Inspect Bolt - T1120 - Flame Retardant Pressure Blower (Rail to Silo)
Inspect Coupling - T1120 - Flame Retardant Pressure Blower (Rail to Silo)
Inspect Bolt - T1130 - Flame Retardant Silo
Inspect Coupling - T1130 - Flame Retardant Silo
Inspect Bolt - T1133 - Flame Retardant Silo Rotary Airlock (Bottom)
Inspect Coupling - T1133 - Flame Retardant Silo Rotary Airlock (Bottom)
Inspect Bolt - T1136 - Flame Retardant Silo Rotary Airlock (Top)
Inspect Coupling - T1136 - Flame Retardant Silo Rotary Airlock (Top)
Inspect Bolt - T1525 - Bottom Weathering Package Bucket Elevator
Inspect Coupling - T1525 - Bottom Weathering Package Bucket Elevator
Inspect Bolt - T1565 - Top Weathering Package Bucket Elevator
Inspect Coupling - T1565 - Top Weathering Package Bucket Elevator
Inspect Bolt - T1545 - Top Weathering Package Bulk Bag Loading System
Inspect Coupling - T1545 - Top Weathering Package Bulk Bag Loading System"
T0001M3PPMO,Inspect Bolt
T0001M3PPMO1,"Inspect Bolt - T1030 - Resin Receiver
Inspect Guard - T1030 - Resin Receiver
Inspect Bolt - T3227 - Bottom Extrusion Thickness Monitoring System
Inspect Guard - T3227 - Bottom Extrusion Thickness Monitoring System
Inspect Bolt - T3299 - Top Extrusion Thickness Monitoring System
Inspect Guard - T3299 - Top Extrusion Thickness Monitoring System"
T0001M6HKGO,SCREW INSPECTION
T0001M6PPMO,Inspect Frame
T0001Y1LUBM,OIL (GEARBOX) INSPECTION
T0001Y1LUBM1,Inspect GearBox
T0001Y1PPME,"Inspect Encoder - T1020 - Resin Vacuum Blower (Rail to Receiver)
Inspect Winding(AC) - T1020 - Resin Vacuum Blower (Rail to Receiver)
Inspect Encoder - T1030 - Resin Receiver
Inspect Winding(AC) - T1030 - Resin Receiver
Inspect Encoder - T1033 - Resin Receiver Rotary Airlock
Inspect Winding(AC) - T1033 - Resin Receiver Rotary Airlock
Inspect Encoder - T1043 - Resin Pressure Blower (Receiver to Silos)
Inspect Winding(AC) - T1043 - Resin Pressure Blower (Receiver to Silos)
Inspect Encoder - T1053 - Resin Silo 1
Inspect Winding(AC) - T1053 - Resin Silo 1
Inspect Encoder - T1056 - Resin Silo 2
Inspect Winding(AC) - T1056 - Resin Silo 2
Inspect Encoder - T1066 - Bottom Resin Vacuum Blower (Silos to Feeders)
Inspect Winding(AC) - T1066 - Bottom Resin Vacuum Blower (Silos to Feeders)
Inspect Encoder - T1076 - Top Resin Vacuum Blower (Silos to Feeders)
Inspect Winding(AC) - T1076 - Top Resin Vacuum Blower (Silos to Feeders)
Inspect Encoder - T3227 - Bottom Extrusion Thickness Monitoring System
Inspect Winding(AC) - T3227 - Bottom Extrusion Thickness Monitoring System
Inspect Encoder - T3299 - Top Extrusion Thickness Monitoring System
Inspect Winding(AC) - T3299 - Top Extrusion Thickness Monitoring System
Inspect Encoder - T4250 - Winder Taping System (6 Heads)
Inspect Winding(AC) - T4250 - Winder Taping System (6 Heads)
Inspect Encoder - T4404 - Single Roll Belt Conveyor 1 (with Reject Mechanism)
Inspect Winding(AC) - T4404 - Single Roll Belt Conveyor 1 (with Reject Mechanism)"
T0001Y1PPME1,"Inspect Encoder - T1120 - Flame Retardant Pressure Blower (Rail to Silo)
Inspect Winding(AC) - T1120 - Flame Retardant Pressure Blower (Rail to Silo)
Inspect Encoder - T1130 - Flame Retardant Silo
Inspect Winding (AC) - T1130 - Flame Retardant Silo
Inspect Encoder - T1133 - Flame Retardant Silo Rotary Airlock (Bottom)
Inspect Winding(AC) - T1133 - Flame Retardant Silo Rotary Airlock (Bottom)
Inspect Encoder - T1136 - Flame Retardant Silo Rotary Airlock (Top)
Inspect Winding(AC) - T1136 - Flame Retardant Silo Rotary Airlock (Top)
Inspect Encoder - T1525 - Bottom Weathering Package Bucket Elevator
Inspect Winding(AC) - T1525 - Bottom Weathering Package Bucket Elevator
Inspect Encoder - T1565 - Top Weathering Package Bucket Elevator
Inspect Winding(AC) - T1565 - Top Weathering Package Bucket Elevator
Inspect Encoder - T1545 - Top Weathering Package Bulk Bag Loading System
Inspect Winding(AC) - T1545 - Top Weathering Package Bulk Bag Loading System"
T0001Y1PPMM,"Inspect Oil (Gearbox) - T1130 - Flame Retardant Silo
Inspect Oil(Gearbox) - T1525 - Bottom Weathering Package Bucket Elevator
Inspect Oil(Gearbox) - T1545 - Top Weathering Package Bulk Bag Loading System"
T0001Y1PPMM1,Resin Storage System Gearbox Inspections
T1000M1LUBM,BEARING INSPECTION
T1000M1PDMM,BEARING INSPECTION
T1000M1PDMM1,"BEARING INSPECTION - T1030 - Resin Receiver
SCREW INSPECTION - T1030 - Resin Receiver
BEARING INSPECTION - T1053 - Resin Silo 1
SCREW INSPECTION - T1053 - Resin Silo 1
BEARING INSPECTION - T1056 - Resin Silo 2
SCREW INSPECTION - T1056 - Resin Silo 2"
T1000M1PDMM4,"REGULATOR (PNEUMATIC) INSPECTION - T1053 - Resin Silo 1
VALVE (PNEUMATIC) INVESTIGATION - T1053 - Resin Silo 1
REGULATOR (PNEUMATIC) INSPECTION - T1056 - Resin Silo 2
VALVE (PNEUMATIC) INVESTIGATION - T1056 - Resin Silo 2"
T1000M1PPMM,Inspect Packing Gland
T1000M2HKGO,BELT (V) INSPECTION
T1000M3LUBM,LOBE INSPECTION
T1000M3PPMM,"Inspect Hose(Pneumatic) - T1053 - Resin Silo 1
Inspect Regulator(Pneumatic) - T1053 - Resin Silo 1
Inspect Hose(Pneumatic) - T1056 - Resin Silo 2
Inspect Regulator(Pneumatic) - T1056 - Resin Silo 2"
T1000M3PPMM2,"Inspect Belt(V) - T1043 - Resin Pressure Blower (Receiver to Silos)
Inspect Belt(V) - T1066 - Bottom Resin Vacuum Blower (Silos to Feeders)
Inspect Belt(V) - T1076 - Top Resin Vacuum Blower (Silos to Feeders)
Inspect Belt (V) - T1020 - Resin Vacuum Blower (Rail to Receiver)"
T1000M3PPMO,Inspect Bolt
T1000M6HKGO,SCREW INSPECTION
T1000M6PDMM,PIPE (PNEUMATIC) INSPECTION
T1000M6PPMM,FILTER (AIR CARTRIDGE) INSPECTION
T1000W1PPMM,AIR NOZZLE INSPECTION
T1000Y1HKGM,PULSE PIPE INSPECTION
T1000Y1PPMM,LUBRICANT INSPECTION
T1000Y1PPMM1,Inspect Silo
T1000Y1PPMM2,Inspect Valve(Pressure Relief)
T1100M1LUBM,Inspect Bearing
T1100M1LUBM1,Inspect Chain
T1100M1PDMM,Inspect Bearing
T1100M3PDMM,"Inspect Chain - T1133 - Flame Retardant Silo Rotary Airlock (Bottom)
Inspect Sprocket - T1133 - Flame Retardant Silo Rotary Airlock (Bottom)
Inspect Chain - T1136 - Flame Retardant Silo Rotary Airlock (Top)
Inspect Sprocket - T1136 - Flame Retardant Silo Rotary Airlock (Top)"
T1100M3PPMO,Inspect Bolt
T1500M1LUBM,Inspect Bearing
T1500M1PDMM,"Inspect Bearing - T1525 - Bottom Weathering Package Bucket Elevator
Inspect Belt(Conveyor) - T1525 - Bottom Weathering Package Bucket Elevator
Inspect Bearing - T1565 - Top Weathering Package Bucket Elevator
Inspect Belt(Conveyor) - T1565 - Top Weathering Package Bucket Elevator"
T1500M3HKGM,ELEVATOR BELT INSPECTION
T1500M3PPMM1,"Inspect Bolt - T1525 - Bottom Weathering Package Bucket Elevator
Inspect Bucket - T1525 - Bottom Weathering Package Bucket Elevator
Inspect Bolt - T1565 - Top Weathering Package Bucket Elevator
Inspect Bucket - T1565 - Top Weathering Package Bucket Elevator"
T1500Y1HKGM,TRAY INSPECTION
T1500Y1PPMM1,"Inspect Elevator Belt - T1525 - Bottom Weathering Package Bucket Elevator
Inspect Elevator Body - T1525 - Bottom Weathering Package Bucket Elevator
Inspect Elevator Head - T1525 - Bottom Weathering Package Bucket Elevator
Inspect Tray - T1525 - Bottom Weathering Package Bucket Elevator
Inspect Elevator Belt - T1565 - Top Weathering Package Bucket Elevator
Inspect Elevator Body - T1565 - Top Weathering Package Bucket Elevator
Inspect Elevator Head - T1565 - Top Weathering Package Bucket Elevator
Inspect Tray - T1565 - Top Weathering Package Bucket Elevator"
T1545M3HKGO,CHUTE INSPECTION
T2000M1LUBM,"Motor Bearing Inspection - T2036 - Bottom Calender Roll 1 Heat Exchanger Pump
Pump Bearing Inspection - T2036 - Bottom Calender Roll 1 Heat Exchanger Pump
Motor Bearing Inspection - T2039 - Bottom Calender Roll 2 Heat Exchanger Pump
Pump Bearing Inspection - T2039 - Bottom Calender Roll 2 Heat Exchanger Pump
Motor Bearing Inspection - T2042 - Bottom Calender Rolls 3 and 4 Heat Exchanger Pump
Pump Bearing Inspection - T2042 - Bottom Calender Rolls 3 and 4 Heat Exchanger Pump
Motor Bearing Inspection - T2136 - Top Calender Roll 1 Heat Exchanger Pump
Pump Bearing Inspection - T2136 - Top Calender Roll 1 Heat Exchanger Pump
Motor Bearing Inspection - T2139 - Top Calender Roll 2 Heat Exchanger Pump
Pump Bearing Inspection - T2139 - Top Calender Roll 2 Heat Exchanger Pump
Motor Bearing Inspection - T2142 - Top Calender Rolls 3 and 4 Heat Exchanger Pump
Pump Bearing Inspection - T2142 - Top Calender Rolls 3 and 4 Heat Exchanger Pump
Motor Bearing Inspection - T2236 - Cooling Rolls 1 Heat Exchanger Pump
Pump Bearing Inspection - T2236 - Cooling Rolls 1 Heat Exchanger Pump
Motor Bearing Inspection - T2239 - Cooling Rolls 2 and 3 Heat Exchanger Pump
Pump Bearing Inspection - T2239 - Cooling Rolls 2 and 3 Heat Exchanger Pump
Motor Bearing Inspection - T2242 - Cooling Rolls 4 and 5 Heat Exchanger Pump
Pump Bearing Inspection - T2242 - Cooling Rolls 4 and 5 Heat Exchanger Pump
Motor Bearing Inspection - T2320 - Bottom/Top Extruder Barrels Heat Exchanger Pump
Pump Bearing Inspection - T2320 - Bottom/Top Extruder Barrels Heat Exchanger Pump
Motor Bearing Inspection - T3288 - Top Extruder Melt Pump
Pump Bearing Inspection - T3288 - Top Extruder Melt Pump"
T3000M1HKGM,SENSOR INSPECTION
T3000M1HKGM1,LINEAR DRIVE INSPECTION
T3000M1HKGM2,PRINTER (LABEL) INSPECTION
T3000M1HKGO,Sensor Inspection
T3000M1LUBM,Inspect Bearing
T3000M1LUBM1,Inspect Bearing
T3000M1LUBM10,CHAIN/SPROCKET INSPECTION
T3000M1LUBM11,Bearing Inspection
T3000M1LUBM12,BEARING INSPECTION
T3000M1LUBM2,CYLINDER (AIR) INSPECTION
T3000M1LUBM3,BEARING INSPECTION
T3000M1LUBM4,BEARING INSPECTION
T3000M1LUBM5,CYLINDER (AIR) INSPECTION
T3000M1LUBM6,CYLINDER (AIR) INSPECTION
T3000M1LUBM7,BEARING INSPECTION
T3000M1LUBM8,LINEAR DRIVE INSPECTION
T3000M1LUBM9,BEARING INSPECTION
T3000M1PDME,WINDING (AC) INSPECTION
T3000M1PDMM,"CYLINDER (AIR) INSPECTION - T4250 - Winder Taping System (6 Heads)
REGULATOR (PNEUMATIC) INSPECTION - T4250 - Winder Taping System (6 Heads)
VALVE (PNEUMATIC) INSPECTION - T4250 - Winder Taping System (6 Heads)"
T3000M1PDMM1,"CYLINDER (AIR) INSPECTION - T4260 - Winder Roll Unloading Cart
REGULATOR (PNEUMATIC) INSPECTION - T4260 - Winder Roll Unloading Cart
VALVE (PNEUMATIIC) INSPECTION - T4260 - Winder Roll Unloading Cart
CYLINDER (AIR) INSPECTION - T4290 - Winder Core Loader
REGULATOR (PNEUMATIC) INSPECTION - T4290 - Winder Core Loader
VALVE (PNEUMATIIC) INSPECTION - T4290 - Winder Core Loader
CYLINDER (AIR) INSPECTION - T4402 - Single Roll Inclined Conveyor
REGULATOR (PNEUMATIC) INSPECTION - T4402 - Single Roll Inclined Conveyor
VALVE (PNEUMATIIC) INSPECTION - T4402 - Single Roll Inclined Conveyor
CYLINDER (AIR) INSPECTION - T4406 - Single Roll Inspection Table
REGULATOR (PNEUMATIC) INSPECTION - T4406 - Single Roll Inspection Table
VALVE (PNEUMATIIC) INSPECTION - T4406 - Single Roll Inspection Table
CYLINDER (AIR) INSPECTION - T4210 - Winder Dancer Rolls (Tension/Accumulation)
REGULATOR (PNEUMATIC) INSPECTION - T4210 - Winder Dancer Rolls (Tension/Accumulation)
VALVE (PNEUMATIIC) INSPECTION - T4210 - Winder Dancer Rolls (Tension/Accumulation)"
T3000M1PDMM2,"BEARING INSPECTION - T3040 - Dry Mat Splicing System
WINDING INSPECTION - T3040 - Dry Mat Splicing System
BEARING INSPECTION - T3080 - DMA Carriage System
WINDING INSPECTION - T3080 - DMA Carriage System"
T3000M1PDMM3,"REGULATOR (PNEUMATIC) INSPECTION - T4420 - Single Roll Curtain Wrapper
VALVE (PNEUMATIC) INSPECTION - T4420 - Single Roll Curtain Wrapper
REGULATOR (PNEUMATIC) INSPECTION - T4430 - Single Roll Film Dispenser
VALVE (PNEUMATIC) INSPECTION - T4430 - Single Roll Film Dispenser
REGULATOR (PNEUMATIC) INSPECTION - T4470 - Single Roll Labeler 1 (Printer)
VALVE (PNEUMATIC) INSPECTION - T4470 - Single Roll Labeler 1 (Printer)
REGULATOR (PNEUMATIC) INSPECTION - T4480 - Single Roll Labeler 2 (Hot Melt)
VALVE (PNEUMATIC) INSPECTION - T4480 - Single Roll Labeler 2 (Hot Melt)
REGULATOR (PNEUMATIC) INSPECTION - T4640 - Bundle Transfer Conveyor
VALVE (PNEUMATIC) INSPECTION - T4640 - Bundle Transfer Conveyor
REGULATOR (PNEUMATIC) INSPECTION - T4650 - Bundle Stretch Wrapping System
VALVE (PNEUMATIC) INSPECTION - T4650 - Bundle Stretch Wrapping System
REGULATOR (PNEUMATIC) INSPECTION - T4660 - Bundle Packaging Exit Conveyor (with Lifting System)
VALVE (PNEUMATIC) INSPECTION - T4660 - Bundle Packaging Exit Conveyor (with Lifting System)
REGULATOR (PNEUMATIC) INSPECTION - T4810 - Palletizing Bundle Lifting System (Robot)
VALVE (PNEUMATIC) INSPECTION - T4810 - Palletizing Bundle Lifting System (Robot)
REGULATOR (PNEUMATIC) INSPECTION - T4820 - Pallet Dispenser
VALVE (PNEUMATIC) INSPECTION - T4820 - Pallet Dispenser
REGULATOR (PNEUMATIC) INSPECTION - T4860 - Pallet Banding System
VALVE (PNEUMATIC) INSPECTION - T4860 - Pallet Banding System
REGULATOR (PNEUMATIC) INSPECTION - T4870 - Pallet Bundle Labeler
VALVE (PNEUMATIC) INSPECTION - T4870 - Pallet Bundle Labeler"
T3000M1PDMM4,BEARING INSPECTION
T3000M1PDMM5,LINEAR DRIVE INSPECTION
T3000M1PDMM6,BEARING INSPECTION
T3000M1PPMM,"Inspect Chain(Conveyor) - T4280 - Winder Core Hopper
Inspect Sprocket - T4280 - Winder Core Hopper
Inspect Chain(Conveyor) - T4402 - Single Roll Inclined Conveyor
Inspect Sprocket - T4402 - Single Roll Inclined Conveyor
Inspect Chain(Conveyor) - T4406 - Single Roll Inspection Table
Inspect Sprocket - T4406 - Single Roll Inspection Table"
T3000M1PPMM10,Inspect Oil(Gearbox)
T3000M1PPMM2,Inspect Cylinder(Air)
T3000M1PPMM3,Inspect GearBox
T3000M1PPMM4,Inspect Linear Drive
T3000M1PPMM5,Inspect Roll
T3000M1PPMM6,"Inspect Pulley - T4410 - Single Roll Belt Conveyor 3
Inspect Sprocket - T4410 - Single Roll Belt Conveyor 3
Inspect Pulley - T4430 - Single Roll Film Dispenser
Inspect Sprocket - T4430 - Single Roll Film Dispenser
Inspect Pulley - T4440 - Single Roll Heat Shrink Blowers
Inspect Sprocket - T4440 - Single Roll Heat Shrink Blowers
Inspect Pulley - T4820 - Pallet Dispenser
Inspect Sprocket - T4820 - Pallet Dispenser
Inspect Pulley - T4860 - Pallet Banding System
Inspect Sprocket - T4860 - Pallet Banding System"
T3000M1PPMM7,Inspect Roll
T3000M1PPMM8,Inspect Cylinder(Air)
T3000M1PPMM9,Inspect Roll(Chrome)
T3000M2HKGO,BELT (V) INSPECTION
T3000M3HKGE,FAN (MOTOR) INSPECTION
T3000M3HKGE1,FAN (MOTOR) INSPECTION
T3000M3HKGE2,FAN (MOTOR) INSPECTION
T3000M3HKGE3,FAN (MOTOR) INSPECTION
T3000M3HKGE4,FAN (MOTOR) INSPECTION
T3000M3HKGM,LUGS INSPECTION
T3000M3LUBM,"BEARING INSPECTION - T3208 - Bottom Extrusion Calender Roll 1
JUNCTION BOX INSPECTION - T3208 - Bottom Extrusion Calender Roll 1
WINDING INSPECTION - T3208 - Bottom Extrusion Calender Roll 1
GEAR INSPECTION - T3208 - Bottom Extrusion Calender Roll 1
BEARING INSPECTION - T3208 - Bottom Extrusion Calender Roll 1
BEARING INSPECTION - T3208 - Bottom Extrusion Calender Roll 1
BEARING INSPECTION - T3211 - Bottom Extrusion Calender Roll 2
JUNCTION BOX INSPECTION - T3211 - Bottom Extrusion Calender Roll 2
WINDING INSPECTION - T3211 - Bottom Extrusion Calender Roll 2
GEAR INSPECTION - T3211 - Bottom Extrusion Calender Roll 2
BEARING INSPECTION - T3211 - Bottom Extrusion Calender Roll 2
BEARING INSPECTION - T3211 - Bottom Extrusion Calender Roll 2
BEARING INSPECTION - T3214 - Bottom Extrusion Calender Roll 3
JUNCTION BOX INSPECTION - T3214 - Bottom Extrusion Calender Roll 3
WINDING INSPECTION - T3214 - Bottom Extrusion Calender Roll 3
GEAR INSPECTION - T3214 - Bottom Extrusion Calender Roll 3
BEARING INSPECTION - T3214 - Bottom Extrusion Calender Roll 3
BEARING INSPECTION - T3214 - Bottom Extrusion Calender Roll 3
BEARING INSPECTION - T3290 - Top Calender Roll 1
JUNCTION BOX INSPECTION - T3290 - Top Calender Roll 1
WINDING INSPECTION - T3290 - Top Calender Roll 1
GEAR INSPECTION - T3290 - Top Calender Roll 1
BEARING INSPECTION - T3290 - Top Calender Roll 1
BEARING INSPECTION - T3290 - Top Calender Roll 1
BEARING INSPECTION - T3291 - Top Calender Roll 2
JUNCTION BOX INSPECTION - T3291 - Top Calender Roll 2
WINDING INSPECTION - T3291 - Top Calender Roll 2
GEAR INSPECTION - T3291 - Top Calender Roll 2
BEARING INSPECTION - T3291 - Top Calender Roll 2
BEARING INSPECTION - T3291 - Top Calender Roll 2
BEARING INSPECTION - T3293 - Top Calender Roll 3
JUNCTION BOX INSPECTION - T3293 - Top Calender Roll 3
WINDING INSPECTION - T3293 - Top Calender Roll 3
GEAR INSPECTION - T3293 - Top Calender Roll 3
BEARING INSPECTION - T3293 - Top Calender Roll 3
BEARING INSPECTION - T3293 - Top Calender Roll 3
BEARING INSPECTION - T3423 - Cooling Roll 2
JUNCTION BOX INSPECTION - T3423 - Cooling Roll 2
WINDING INSPECTION - T3423 - Cooling Roll 2
GEAR INSPECTION - T3423 - Cooling Roll 2
BEARING INSPECTION - T3423 - Cooling Roll 2
BEARING INSPECTION - T3423 - Cooling Roll 2
BEARING INSPECTION - T3426 - Cooling Roll 3
JUNCTION BOX INSPECTION - T3426 - Cooling Roll 3
WINDING INSPECTION - T3426 - Cooling Roll 3
GEAR INSPECTION - T3426 - Cooling Roll 3
BEARING INSPECTION - T3426 - Cooling Roll 3
BEARING INSPECTION - T3426 - Cooling Roll 3
BEARING INSPECTION - T3429 - Cooling Roll 4
JUNCTION BOX INSPECTION - T3429 - Cooling Roll 4
WINDING INSPECTION - T3429 - Cooling Roll 4
GEAR INSPECTION - T3429 - Cooling Roll 4
BEARING INSPECTION - T3429 - Cooling Roll 4
BEARING INSPECTION - T3429 - Cooling Roll 4
BEARING INSPECTION - T3432 - Cooling Roll 5
JUNCTION BOX INSPECTION - T3432 - Cooling Roll 5
WINDING INSPECTION - T3432 - Cooling Roll 5
GEAR INSPECTION - T3432 - Cooling Roll 5
BEARING INSPECTION - T3432 - Cooling Roll 5
BEARING INSPECTION - T3432 - Cooling Roll 5
BEARING INSPECTION - T3420 - Cooling Roll 1
JUNCTION BOX INSPECTION - T3420 - Cooling Roll 1
WINDING INSPECTION - T3420 - Cooling Roll 1
GEAR INSPECTION - T3420 - Cooling Roll 1
BEARING INSPECTION - T3420 - Cooling Roll 1
BEARING INSPECTION - T3420 - Cooling Roll 1"
T3000M3LUBM1,CYLINDER (AIR) INSPECTION
T3000M3PDME,JUNCTION BOX INSPECTION
T3000M3PDME1,"BEARING INSPECTION - T4260 - Winder Roll Unloading Cart
JUNCTION BOX INSPECTION - T4260 - Winder Roll Unloading Cart
WINDING INSPECTION - T4260 - Winder Roll Unloading Cart
WINDING INSPECTION - T4260 - Winder Roll Unloading Cart
BEARING INSPECTION - T4280 - Winder Core Hopper
JUNCTION BOX INSPECTION - T4280 - Winder Core Hopper
WINDING INSPECTION - T4280 - Winder Core Hopper
WINDING INSPECTION - T4280 - Winder Core Hopper
BEARING INSPECTION - T4402 - Single Roll Inclined Conveyor
JUNCTION BOX INSPECTION - T4402 - Single Roll Inclined Conveyor
WINDING INSPECTION - T4402 - Single Roll Inclined Conveyor
WINDING INSPECTION - T4402 - Single Roll Inclined Conveyor
BEARING INSPECTION - T4404 - Single Roll Belt Conveyor 1 (with Reject Mechanism)
JUNCTION BOX INSPECTION - T4404 - Single Roll Belt Conveyor 1 (with Reject Mechanism)
WINDING INSPECTION - T4404 - Single Roll Belt Conveyor 1 (with Reject Mechanism)
WINDING INSPECTION - T4404 - Single Roll Belt Conveyor 1 (with Reject Mechanism)
BEARING INSPECTION - T4406 - Single Roll Inspection Table
JUNCTION BOX INSPECTION - T4406 - Single Roll Inspection Table
WINDING INSPECTION - T4406 - Single Roll Inspection Table
WINDING INSPECTION - T4406 - Single Roll Inspection Table
BEARING INSPECTION - T4408 - Single Roll Belt Conveyor 2
JUNCTION BOX INSPECTION - T4408 - Single Roll Belt Conveyor 2
WINDING INSPECTION - T4408 - Single Roll Belt Conveyor 2
WINDING INSPECTION - T4408 - Single Roll Belt Conveyor 2"
T3000M3PDME2,"COUPLING INSPECTION - T4410 - Single Roll Belt Conveyor 3
JUNCTION BOX INSPECTION - T4410 - Single Roll Belt Conveyor 3
COUPLING INSPECTION - T4420 - Single Roll Curtain Wrapper
JUNCTION BOX INSPECTION - T4420 - Single Roll Curtain Wrapper
COUPLING INSPECTION - T4430 - Single Roll Film Dispenser
JUNCTION BOX INSPECTION - T4430 - Single Roll Film Dispenser
COUPLING INSPECTION - T4440 - Single Roll Heat Shrink Blowers
JUNCTION BOX INSPECTION - T4440 - Single Roll Heat Shrink Blowers
COUPLING INSPECTION - T4630 - Bundle Accumulation Conveyor
JUNCTION BOX INSPECTION - T4630 - Bundle Accumulation Conveyor
COUPLING INSPECTION - T4640 - Bundle Transfer Conveyor
JUNCTION BOX INSPECTION - T4640 - Bundle Transfer Conveyor
COUPLING INSPECTION - T4650 - Bundle Stretch Wrapping System
JUNCTION BOX INSPECTION - T4650 - Bundle Stretch Wrapping System
COUPLING INSPECTION - T4660 - Bundle Packaging Exit Conveyor (with Lifting System)
JUNCTION BOX INSPECTION - T4660 - Bundle Packaging Exit Conveyor (with Lifting System)
COUPLING INSPECTION - T4810 - Palletizing Bundle Lifting System (Robot)
JUNCTION BOX INSPECTION - T4810 - Palletizing Bundle Lifting System (Robot)
COUPLING INSPECTION - T4820 - Pallet Dispenser
JUNCTION BOX INSPECTION - T4820 - Pallet Dispenser
COUPLING INSPECTION - T4860 - Pallet Banding System
JUNCTION BOX INSPECTION - T4860 - Pallet Banding System"
T3000M3PDMM,"BEARING INSPECTION - T3100 - DMA Exit Center Alignment Rolls
JUNCTION BOX INSPECTION - T3100 - DMA Exit Center Alignment Rolls
WINDING INSPECTION - T3100 - DMA Exit Center Alignment Rolls
BEARING INSPECTION - T3100 - DMA Exit Center Alignment Rolls
BEARING INSPECTION - T3165 - Bottom Extrusion Edge Alignment Rolls
JUNCTION BOX INSPECTION - T3165 - Bottom Extrusion Edge Alignment Rolls
WINDING INSPECTION - T3165 - Bottom Extrusion Edge Alignment Rolls
BEARING INSPECTION - T3165 - Bottom Extrusion Edge Alignment Rolls"
T3000M3PDMM1,"BEARING INSPECTION - T4280 - Winder Core Hopper
SPROCKET INSPECTION - T4280 - Winder Core Hopper
BEARING INSPECTION - T4402 - Single Roll Inclined Conveyor
SPROCKET INSPECTION - T4402 - Single Roll Inclined Conveyor
BEARING INSPECTION - T4406 - Single Roll Inspection Table
SPROCKET INSPECTION - T4406 - Single Roll Inspection Table"
T3000M3PDMM2,BEARING INSPECTION
T3000M3PDMM3,BEARING INSPECTION
T3000M3PDMM4,CYLINDER (AIR) INSPECTION
T3000M3PDMM5,CYLINDER (AIR) INSPECTION
T3000M3PDMM6,COUPLING INSPECTION
T3000M3PDMM7,"CHAIN INSPECTION - T4410 - Single Roll Belt Conveyor 3
SPOCKET INSPECTION - T4410 - Single Roll Belt Conveyor 3
CHAIN INSPECTION - T4430 - Single Roll Film Dispenser
SPOCKET INSPECTION - T4430 - Single Roll Film Dispenser
CHAIN INSPECTION - T4440 - Single Roll Heat Shrink Blowers
SPOCKET INSPECTION - T4440 - Single Roll Heat Shrink Blowers
CHAIN INSPECTION - T4820 - Pallet Dispenser
SPOCKET INSPECTION - T4820 - Pallet Dispenser
CHAIN INSPECTION - T4860 - Pallet Banding System
SPOCKET INSPECTION - T4860 - Pallet Banding System"
T3000M3PPME,"Inspect Fan(Motor) - T3290 - Top Calender Roll 1
Inspect Junction Box - T3290 - Top Calender Roll 1
Inspect Power Cable - T3290 - Top Calender Roll 1
Inspect Fan(Motor) - T3291 - Top Calender Roll 2
Inspect Junction Box - T3291 - Top Calender Roll 2
Inspect Power Cable - T3291 - Top Calender Roll 2
Inspect Fan(Motor) - T3293 - Top Calender Roll 3
Inspect Junction Box - T3293 - Top Calender Roll 3
Inspect Power Cable - T3293 - Top Calender Roll 3
Inspect Fan(Motor) - T3423 - Cooling Roll 2
Inspect Junction Box - T3423 - Cooling Roll 2
Inspect Power Cable - T3423 - Cooling Roll 2
Inspect Fan(Motor) - T3426 - Cooling Roll 3
Inspect Junction Box - T3426 - Cooling Roll 3
Inspect Power Cable - T3426 - Cooling Roll 3
Inspect Fan(Motor) - T3429 - Cooling Roll 4
Inspect Junction Box - T3429 - Cooling Roll 4
Inspect Power Cable - T3429 - Cooling Roll 4
Inspect Fan(Motor) - T3432 - Cooling Roll 5
Inspect Junction Box - T3432 - Cooling Roll 5
Inspect Power Cable - T3432 - Cooling Roll 5
Inspect Fan(Motor) - T3420 - Cooling Roll 1
Inspect Junction Box - T3420 - Cooling Roll 1
Inspect Power Cable - T3420 - Cooling Roll 1"
T3000M3PPME3,"Inspect Load Cell - T4402 - Single Roll Inclined Conveyor
Inspect Load Cell - T4402 - Single Roll Inclined Conveyor
Inspect Rod(Threaded) - T4402 - Single Roll Inclined Conveyor
Inspect Junction Box - T4402 - Single Roll Inclined Conveyor
Inspect Cable - T4402 - Single Roll Inclined Conveyor
Inspect Load Cell - T4404 - Single Roll Belt Conveyor 1 (with Reject Mechanism)
Inspect Load Cell - T4404 - Single Roll Belt Conveyor 1 (with Reject Mechanism)
Inspect Rod(Threaded) - T4404 - Single Roll Belt Conveyor 1 (with Reject Mechanism)
Inspect Junction Box - T4404 - Single Roll Belt Conveyor 1 (with Reject Mechanism)
Inspect Cable - T4404 - Single Roll Belt Conveyor 1 (with Reject Mechanism)
Inspect Load Cell - T4406 - Single Roll Inspection Table
Inspect Load Cell - T4406 - Single Roll Inspection Table
Inspect Rod(Threaded) - T4406 - Single Roll Inspection Table
Inspect Junction Box - T4406 - Single Roll Inspection Table
Inspect Cable - T4406 - Single Roll Inspection Table
Inspect Load Cell - T4408 - Single Roll Belt Conveyor 2
Inspect Load Cell - T4408 - Single Roll Belt Conveyor 2
Inspect Rod(Threaded) - T4408 - Single Roll Belt Conveyor 2
Inspect Junction Box - T4408 - Single Roll Belt Conveyor 2
Inspect Cable - T4408 - Single Roll Belt Conveyor 2
Inspect Load Cell - T4210 - Winder Dancer Rolls (Tension/Accumulation)
Inspect Load Cell - T4210 - Winder Dancer Rolls (Tension/Accumulation)
Inspect Rod(Threaded) - T4210 - Winder Dancer Rolls (Tension/Accumulation)
Inspect Junction Box - T4210 - Winder Dancer Rolls (Tension/Accumulation)
Inspect Cable - T4210 - Winder Dancer Rolls (Tension/Accumulation)"
T3000M3PPME4,"Inspect Fan(Motor) - T4260 - Winder Roll Unloading Cart
Inspect Power Cable - T4260 - Winder Roll Unloading Cart
Inspect Junction Box - T4260 - Winder Roll Unloading Cart
Inspect Coupling - T4260 - Winder Roll Unloading Cart
Inspect Bolt - T4260 - Winder Roll Unloading Cart
Inspect Fan(Motor) - T4280 - Winder Core Hopper
Inspect Power Cable - T4280 - Winder Core Hopper
Inspect Junction Box - T4280 - Winder Core Hopper
Inspect Coupling - T4280 - Winder Core Hopper
Inspect Bolt - T4280 - Winder Core Hopper
Inspect Fan(Motor) - T4402 - Single Roll Inclined Conveyor
Inspect Power Cable - T4402 - Single Roll Inclined Conveyor
Inspect Junction Box - T4402 - Single Roll Inclined Conveyor
Inspect Coupling - T4402 - Single Roll Inclined Conveyor
Inspect Bolt - T4402 - Single Roll Inclined Conveyor
Inspect Fan(Motor) - T4404 - Single Roll Belt Conveyor 1 (with Reject Mechanism)
Inspect Power Cable - T4404 - Single Roll Belt Conveyor 1 (with Reject Mechanism)
Inspect Junction Box - T4404 - Single Roll Belt Conveyor 1 (with Reject Mechanism)
Inspect Coupling - T4404 - Single Roll Belt Conveyor 1 (with Reject Mechanism)
Inspect Bolt - T4404 - Single Roll Belt Conveyor 1 (with Reject Mechanism)
Inspect Fan(Motor) - T4406 - Single Roll Inspection Table
Inspect Power Cable - T4406 - Single Roll Inspection Table
Inspect Junction Box - T4406 - Single Roll Inspection Table
Inspect Coupling - T4406 - Single Roll Inspection Table
Inspect Bolt - T4406 - Single Roll Inspection Table
Inspect Fan(Motor) - T4408 - Single Roll Belt Conveyor 2
Inspect Power Cable - T4408 - Single Roll Belt Conveyor 2
Inspect Junction Box - T4408 - Single Roll Belt Conveyor 2
Inspect Coupling - T4408 - Single Roll Belt Conveyor 2
Inspect Bolt - T4408 - Single Roll Belt Conveyor 2"
T3000M3PPME5,Inspect Fan(Motor)
T3000M3PPMM,"Inspect Coupling - T3290 - Top Calender Roll 1
Inspect Bolt - T3290 - Top Calender Roll 1
Inspect Coupling - T3291 - Top Calender Roll 2
Inspect Bolt - T3291 - Top Calender Roll 2
Inspect Coupling - T3293 - Top Calender Roll 3
Inspect Bolt - T3293 - Top Calender Roll 3
Inspect Coupling - T3423 - Cooling Roll 2
Inspect Bolt - T3423 - Cooling Roll 2
Inspect Coupling - T3426 - Cooling Roll 3
Inspect Bolt - T3426 - Cooling Roll 3
Inspect Coupling - T3429 - Cooling Roll 4
Inspect Bolt - T3429 - Cooling Roll 4
Inspect Coupling - T3432 - Cooling Roll 5
Inspect Bolt - T3432 - Cooling Roll 5
Inspect Coupling - T3420 - Cooling Roll 1
Inspect Bolt - T3420 - Cooling Roll 1"
T3000M3PPMM1,"Inspect Bolt - T4260 - Winder Roll Unloading Cart
Inspect Regulator(Pneumatic) - T4260 - Winder Roll Unloading Cart
Inspect Hose(Pneumatic) - T4260 - Winder Roll Unloading Cart
Inspect Bolt - T4290 - Winder Core Loader
Inspect Regulator(Pneumatic) - T4290 - Winder Core Loader
Inspect Hose(Pneumatic) - T4290 - Winder Core Loader
Inspect Bolt - T4402 - Single Roll Inclined Conveyor
Inspect Regulator(Pneumatic) - T4402 - Single Roll Inclined Conveyor
Inspect Hose(Pneumatic) - T4402 - Single Roll Inclined Conveyor
Inspect Bolt - T4406 - Single Roll Inspection Table
Inspect Regulator(Pneumatic) - T4406 - Single Roll Inspection Table
Inspect Hose(Pneumatic) - T4406 - Single Roll Inspection Table
Inspect Bolt - T4210 - Winder Dancer Rolls (Tension/Accumulation)
Inspect Regulator(Pneumatic) - T4210 - Winder Dancer Rolls (Tension/Accumulation)
Inspect Hose(Pneumatic) - T4210 - Winder Dancer Rolls (Tension/Accumulation)"
T3000M3PPMM11,"Inspect Bolt - T3040 - Dry Mat Splicing System
Inspect Coupling - T3040 - Dry Mat Splicing System
Inspect Fan(Motor) - T3040 - Dry Mat Splicing System
Inspect Junction Box - T3040 - Dry Mat Splicing System
Inspect Power Cable - T3040 - Dry Mat Splicing System
Inspect Bolt - T3080 - DMA Carriage System
Inspect Coupling - T3080 - DMA Carriage System
Inspect Fan(Motor) - T3080 - DMA Carriage System
Inspect Junction Box - T3080 - DMA Carriage System
Inspect Power Cable - T3080 - DMA Carriage System"
T3000M3PPMM12,Inspect Bolt
T3000M3PPMM13,"Inspect Belt (Geared/Toothed) - T4420 - Single Roll Curtain Wrapper
Inspect Belt (Geared/toothed) - T4810 - Palletizing Bundle Lifting System (Robot)
Inspect Belt (Geared/Toothed) - T4860 - Pallet Banding System"
T3000M3PPMM2,Inspect Coupling
T3000M3PPMM3,Inspect Lug
T3000M3PPMM4,"Inspect Bolt - T4420 - Single Roll Curtain Wrapper
Inspect Regulator(Pneumatic) - T4420 - Single Roll Curtain Wrapper
Inspect Hose(Pneumatic) - T4420 - Single Roll Curtain Wrapper
Inspect Bolt - T4430 - Single Roll Film Dispenser
Inspect Regulator(Pneumatic) - T4430 - Single Roll Film Dispenser
Inspect Hose(Pneumatic) - T4430 - Single Roll Film Dispenser
Inspect Bolt - T4470 - Single Roll Labeler 1 (Printer)
Inspect Regulator(Pneumatic) - T4470 - Single Roll Labeler 1 (Printer)
Inspect Hose(Pneumatic) - T4470 - Single Roll Labeler 1 (Printer)
Inspect Bolt - T4480 - Single Roll Labeler 2 (Hot Melt)
Inspect Regulator(Pneumatic) - T4480 - Single Roll Labeler 2 (Hot Melt)
Inspect Hose(Pneumatic) - T4480 - Single Roll Labeler 2 (Hot Melt)
Inspect Bolt - T4640 - Bundle Transfer Conveyor
Inspect Regulator(Pneumatic) - T4640 - Bundle Transfer Conveyor
Inspect Hose(Pneumatic) - T4640 - Bundle Transfer Conveyor
Inspect Bolt - T4650 - Bundle Stretch Wrapping System
Inspect Regulator(Pneumatic) - T4650 - Bundle Stretch Wrapping System
Inspect Hose(Pneumatic) - T4650 - Bundle Stretch Wrapping System
Inspect Bolt - T4660 - Bundle Packaging Exit Conveyor (with Lifting System)
Inspect Regulator(Pneumatic) - T4660 - Bundle Packaging Exit Conveyor (with Lifting System)
Inspect Hose(Pneumatic) - T4660 - Bundle Packaging Exit Conveyor (with Lifting System)
Inspect Bolt - T4810 - Palletizing Bundle Lifting System (Robot)
Inspect Regulator(Pneumatic) - T4810 - Palletizing Bundle Lifting System (Robot)
Inspect Hose(Pneumatic) - T4810 - Palletizing Bundle Lifting System (Robot)
Inspect Bolt - T4820 - Pallet Dispenser
Inspect Regulator(Pneumatic) - T4820 - Pallet Dispenser
Inspect Hose(Pneumatic) - T4820 - Pallet Dispenser
Inspect Bolt - T4860 - Pallet Banding System
Inspect Regulator(Pneumatic) - T4860 - Pallet Banding System
Inspect Hose(Pneumatic) - T4860 - Pallet Banding System
Inspect Bolt - T4870 - Pallet Bundle Labeler
Inspect Regulator(Pneumatic) - T4870 - Pallet Bundle Labeler
Inspect Hose(Pneumatic) - T4870 - Pallet Bundle Labeler"
T3000M3PPMM5,Inspect Bolt
T3000M3PPMM6,Inspect Guard
T3000M3PPMM7,Inspect Coupling
T3000M3PPMM8,Inspect Coupling
T3000M3PPMM9,Inspect Bolt
T3000M3PPMO,Inspect Bolt
T3000M3PPMO1,"Inspect Bolt - T4250 - Winder Taping System (6 Heads)
Inspect Hose(Pneumatic) - T4250 - Winder Taping System (6 Heads)
Inspect Regulator(Pneumatic) - T4250 - Winder Taping System (6 Heads)
Inspect Bolt - T4404 - Single Roll Belt Conveyor 1 (with Reject Mechanism)
Inspect Hose(Pneumatic) - T4404 - Single Roll Belt Conveyor 1 (with Reject Mechanism)
Inspect Regulator(Pneumatic) - T4404 - Single Roll Belt Conveyor 1 (with Reject Mechanism)"
T3000M6PPMM,Inspect Frame
T3000W1HKGM,CHAIN (CONVEYOR) INSPECTION
T3000W1HKGO,ROLL INSPECTION
T3000W1HKGO1,ROLLER INSPECTION
T3000W1HKGO2,ROLL INSPECTION
T3000W1PPMM,"Inspect Knife Assy - T3110 - DMA Exit Slitter (Parallel Center Cut)
Inspect Knife Assy - T3110 - DMA Exit Slitter (Parallel Center Cut)
Inspect Knife Assy - T3110 - DMA Exit Slitter (Parallel Center Cut)
Inspect Knife Assy - T3110 - DMA Exit Slitter (Parallel Center Cut)
Rotate Square Knife Assy - T3110 - DMA Exit Slitter (Parallel Center Cut)
Inspect  Knife - T3110 - DMA Exit Slitter (Parallel Center Cut)
Inspect Knife Assy - T4015 - Edge Trim Knife 1
Inspect Knife Assy - T4015 - Edge Trim Knife 1
Inspect Knife Assy - T4015 - Edge Trim Knife 1
Inspect Knife Assy - T4015 - Edge Trim Knife 1
Rotate Square Knife Assy - T4015 - Edge Trim Knife 1
Inspect  Knife - T4015 - Edge Trim Knife 1
Inspect Knife Assy - T4020 - Center Slitting Knife
Inspect Knife Assy - T4020 - Center Slitting Knife
Inspect Knife Assy - T4020 - Center Slitting Knife
Inspect Knife Assy - T4020 - Center Slitting Knife
Rotate Square Knife Assy - T4020 - Center Slitting Knife
Inspect  Knife - T4020 - Center Slitting Knife
Inspect Knife Assy - T4025 - Edge Trim Knife 2
Inspect Knife Assy - T4025 - Edge Trim Knife 2
Inspect Knife Assy - T4025 - Edge Trim Knife 2
Inspect Knife Assy - T4025 - Edge Trim Knife 2
Rotate Square Knife Assy - T4025 - Edge Trim Knife 2
Inspect  Knife - T4025 - Edge Trim Knife 2
Inspect Knife Assy - T4240 - Winder Cutover Blade
Inspect Knife Assy - T4240 - Winder Cutover Blade
Inspect Knife Assy - T4240 - Winder Cutover Blade
Inspect Knife Assy - T4240 - Winder Cutover Blade
Rotate Square Knife Assy - T4240 - Winder Cutover Blade
Inspect  Knife - T4240 - Winder Cutover Blade"
T3000Y1LUBM,Inspect Oil(Gearbox)
T3000Y1LUBM1,OIL (GEARBOX) INSPECTION
T3000Y1LUBM2,OIL (GEARBOX) INSPECTION
T3000Y1PPME,"Inspect Encoder - T3290 - Top Calender Roll 1
Inspect Winding(AC) - T3290 - Top Calender Roll 1
Inspect Encoder - T3291 - Top Calender Roll 2
Inspect Winding(AC) - T3291 - Top Calender Roll 2
Inspect Encoder - T3293 - Top Calender Roll 3
Inspect Winding(AC) - T3293 - Top Calender Roll 3
Inspect Encoder - T3423 - Cooling Roll 2
Inspect Winding(AC) - T3423 - Cooling Roll 2
Inspect Encoder - T3426 - Cooling Roll 3
Inspect Winding(AC) - T3426 - Cooling Roll 3
Inspect Encoder - T3429 - Cooling Roll 4
Inspect Winding(AC) - T3429 - Cooling Roll 4
Inspect Encoder - T3432 - Cooling Roll 5
Inspect Winding(AC) - T3432 - Cooling Roll 5
Inspect Encoder - T3420 - Cooling Roll 1
Inspect Winding(AC) - T3420 - Cooling Roll 1"
T3000Y1PPME1,"Inspect Encoder - T4410 - Single Roll Belt Conveyor 3
Inspect Junction Box - T4410 - Single Roll Belt Conveyor 3
Inspect Power Cable - T4410 - Single Roll Belt Conveyor 3
Inspect Encoder - T4420 - Single Roll Curtain Wrapper
Inspect Junction Box - T4420 - Single Roll Curtain Wrapper
Inspect Power Cable - T4420 - Single Roll Curtain Wrapper
Inspect Encoder - T4430 - Single Roll Film Dispenser
Inspect Junction Box - T4430 - Single Roll Film Dispenser
Inspect Power Cable - T4430 - Single Roll Film Dispenser
Inspect Encoder - T4440 - Single Roll Heat Shrink Blowers
Inspect Junction Box - T4440 - Single Roll Heat Shrink Blowers
Inspect Power Cable - T4440 - Single Roll Heat Shrink Blowers
Inspect Encoder - T4630 - Bundle Accumulation Conveyor
Inspect Junction Box - T4630 - Bundle Accumulation Conveyor
Inspect Power Cable - T4630 - Bundle Accumulation Conveyor
Inspect Encoder - T4640 - Bundle Transfer Conveyor
Inspect Junction Box - T4640 - Bundle Transfer Conveyor
Inspect Power Cable - T4640 - Bundle Transfer Conveyor
Inspect Encoder - T4650 - Bundle Stretch Wrapping System
Inspect Junction Box - T4650 - Bundle Stretch Wrapping System
Inspect Power Cable - T4650 - Bundle Stretch Wrapping System
Inspect Encoder - T4660 - Bundle Packaging Exit Conveyor (with Lifting System)
Inspect Junction Box - T4660 - Bundle Packaging Exit Conveyor (with Lifting System)
Inspect Power Cable - T4660 - Bundle Packaging Exit Conveyor (with Lifting System)
Inspect Encoder - T4810 - Palletizing Bundle Lifting System (Robot)
Inspect Junction Box - T4810 - Palletizing Bundle Lifting System (Robot)
Inspect Power Cable - T4810 - Palletizing Bundle Lifting System (Robot)
Inspect Encoder - T4820 - Pallet Dispenser
Inspect Junction Box - T4820 - Pallet Dispenser
Inspect Power Cable - T4820 - Pallet Dispenser
Inspect Encoder - T4860 - Pallet Banding System
Inspect Junction Box - T4860 - Pallet Banding System
Inspect Power Cable - T4860 - Pallet Banding System"
T3000Y1PPME2,"Inspect Encoder - T3040 - Dry Mat Splicing System
Inspect Winding(AC) - T3040 - Dry Mat Splicing System
Inspect Encoder - T3080 - DMA Carriage System
Inspect Winding(AC) - T3080 - DMA Carriage System"
T3000Y1PPME3,"Inspect Encoder - T3100 - DMA Exit Center Alignment Rolls
Inspect Motor(AC) 2 - T3100 - DMA Exit Center Alignment Rolls
Inspect Encoder - T3165 - Bottom Extrusion Edge Alignment Rolls
Inspect Motor(AC) 2 - T3165 - Bottom Extrusion Edge Alignment Rolls
Inspect Encoder - T3208 - Bottom Extrusion Calender Roll 1
Inspect Motor(AC) 2 - T3208 - Bottom Extrusion Calender Roll 1
Inspect Encoder - T3211 - Bottom Extrusion Calender Roll 2
Inspect Motor(AC) 2 - T3211 - Bottom Extrusion Calender Roll 2
Inspect Encoder - T3214 - Bottom Extrusion Calender Roll 3
Inspect Motor(AC) 2 - T3214 - Bottom Extrusion Calender Roll 3"
T3000Y1PPMM1,Inspect Shaft
T3000Y1PPMM2,Inspect Shaft
T3050M1LUBM1,BEARING INSPECTION
T3050M1PDMM,"SPROCKET INSPECTION - T3075 - DMA Counterweight System
CHAIN INSPECTION - T3075 - DMA Counterweight System
SPROCKET INSPECTION - T3080 - DMA Carriage System
CHAIN INSPECTION - T3080 - DMA Carriage System"
T3050M1PPMM,"Inspect Sprocket - T3075 - DMA Counterweight System
Inspect Chain - T3075 - DMA Counterweight System
Inspect Sprocket - T3080 - DMA Carriage System
Inspect Chain - T3080 - DMA Carriage System"
T3050M3HKGE,FAN (MOTOR) INSPECTION
T3050M3HKGM,BEARING INSPECTION
T3050M3PDME,JUNCTION BOX INPSECTION
T3050M3PPME,"Inspect Power Cable - T3065 - DMA Entry Roll
Inspect Junction Box - T3065 - DMA Entry Roll
Inspect Fan(Motor) - T3065 - DMA Entry Roll
Inspect Power Cable - T3085 - DMA Exit Roll
Inspect Junction Box - T3085 - DMA Exit Roll
Inspect Fan(Motor) - T3085 - DMA Exit Roll"
T3050M3PPMM,"Inspect Bolt - T3100 - DMA Exit Center Alignment Rolls
Inspect Coupling - T3100 - DMA Exit Center Alignment Rolls
Inspect Fan(Motor) - T3100 - DMA Exit Center Alignment Rolls
Inspect Power Cable - T3100 - DMA Exit Center Alignment Rolls
Inspect Junction Box - T3100 - DMA Exit Center Alignment Rolls
Inspect Motor Commutator (Brush) - T3100 - DMA Exit Center Alignment Rolls
Inspect Bolt - T3110 - DMA Exit Slitter (Parallel Center Cut)
Inspect Coupling - T3110 - DMA Exit Slitter (Parallel Center Cut)
Inspect Fan(Motor) - T3110 - DMA Exit Slitter (Parallel Center Cut)
Inspect Power Cable - T3110 - DMA Exit Slitter (Parallel Center Cut)
Inspect Junction Box - T3110 - DMA Exit Slitter (Parallel Center Cut)
Inspect Motor Commutator (Brush) - T3110 - DMA Exit Slitter (Parallel Center Cut)"
T3050M3PPMM1,"Inspect Regulator - T3060 - DMA Entry Clamp Roll
Inspect Hose - T3060 - DMA Entry Clamp Roll
Inspect Regulator - T3090 - DMA Dancer Rolls (Tension)
Inspect Hose - T3090 - DMA Dancer Rolls (Tension)"
T3050Y1PPME,"Inspect Encoder - T3065 - DMA Entry Roll
Inspect Winding(AC) - T3065 - DMA Entry Roll
Inspect Encoder - T3085 - DMA Exit Roll
Inspect Winding(AC) - T3085 - DMA Exit Roll"
T3050Y1PPME1,"Inspect Encoder - T3100 - DMA Exit Center Alignment Rolls
Inspect Winding(DC) - T3100 - DMA Exit Center Alignment Rolls
Inspect Encoder - T3110 - DMA Exit Slitter (Parallel Center Cut)
Inspect Winding(DC) - T3110 - DMA Exit Slitter (Parallel Center Cut)"
T3140M1LUBM,Inspect Bearing
T3140M1LUBM1,BEARING INSPECTION
T3140M1LUBM2,BEARING INSPECTION
T3140M1LUBM3,"Motor Bearing Inspection - T3170 - Bottom Extrusion Resin Feeder 7
Gearbox Bearing Inspection - T3170 - Bottom Extrusion Resin Feeder 7
Conveyor Screw Bearing Inspection - T3170 - Bottom Extrusion Resin Feeder 7
Motor Bearing Inspection - T3185 - Bottom Extrusion Recycle Feeder 11
Gearbox Bearing Inspection - T3185 - Bottom Extrusion Recycle Feeder 11
Conveyor Screw Bearing Inspection - T3185 - Bottom Extrusion Recycle Feeder 11
Motor Bearing Inspection - T3265 - Top Resin Feeder 1
Gearbox Bearing Inspection - T3265 - Top Resin Feeder 1
Conveyor Screw Bearing Inspection - T3265 - Top Resin Feeder 1
Motor Bearing Inspection - T3274 - Top Flame Retardant Feeder 4
Gearbox Bearing Inspection - T3274 - Top Flame Retardant Feeder 4
Conveyor Screw Bearing Inspection - T3274 - Top Flame Retardant Feeder 4
Motor Bearing Inspection - T3283 - Top White Pigment Feeder 6
Gearbox Bearing Inspection - T3283 - Top White Pigment Feeder 6
Conveyor Screw Bearing Inspection - T3283 - Top White Pigment Feeder 6"
T3140M1LUBM4,"Motor (AC) Bearing Inspection - T3179 - Bottom Extrusion Flame Retardant Feeder 10
Gearbox Bearing Inspection - T3179 - Bottom Extrusion Flame Retardant Feeder 10
Motor (DC) Bearing Inspection - T3179 - Bottom Extrusion Flame Retardant Feeder 10
Conveyor Screw Bearing Inspection - T3179 - Bottom Extrusion Flame Retardant Feeder 10
Motor (AC) Bearing Inspection - T3188 - Bottom Extrusion Edge Trim Feeder 12
Gearbox Bearing Inspection - T3188 - Bottom Extrusion Edge Trim Feeder 12
Motor (DC) Bearing Inspection - T3188 - Bottom Extrusion Edge Trim Feeder 12
Conveyor Screw Bearing Inspection - T3188 - Bottom Extrusion Edge Trim Feeder 12
Motor (AC) Bearing Inspection - T3193 - Bottom Extrusion Weathering Package Feeder 13
Gearbox Bearing Inspection - T3193 - Bottom Extrusion Weathering Package Feeder 13
Motor (DC) Bearing Inspection - T3193 - Bottom Extrusion Weathering Package Feeder 13
Conveyor Screw Bearing Inspection - T3193 - Bottom Extrusion Weathering Package Feeder 13
Motor (AC) Bearing Inspection - T3280 - Top Weathering Package Feeder 5
Gearbox Bearing Inspection - T3280 - Top Weathering Package Feeder 5
Motor (DC) Bearing Inspection - T3280 - Top Weathering Package Feeder 5
Conveyor Screw Bearing Inspection - T3280 - Top Weathering Package Feeder 5"
T3140M1PDME,Inspect Motor(AC)
T3140M1PDME1,"Inspect Motor(AC) - T3179 - Bottom Extrusion Flame Retardant Feeder 10
Inspect Motor(DC) - T3179 - Bottom Extrusion Flame Retardant Feeder 10
Inspect Motor(AC) - T3188 - Bottom Extrusion Edge Trim Feeder 12
Inspect Motor(DC) - T3188 - Bottom Extrusion Edge Trim Feeder 12
Inspect Motor(AC) - T3193 - Bottom Extrusion Weathering Package Feeder 13
Inspect Motor(DC) - T3193 - Bottom Extrusion Weathering Package Feeder 13
Inspect Motor(AC) - T3280 - Top Weathering Package Feeder 5
Inspect Motor(DC) - T3280 - Top Weathering Package Feeder 5"
T3140M1PDME2,Inspect Motor(DC)
T3140M1PDMM,"REGULATOR (PNEUMATIC) INSPECTION - T3198 - Bottom Extruder
VALVE (PNEUMATIC) INSPECTION - T3198 - Bottom Extruder
REGULATOR (PNEUMATIC) INSPECTION - T3285 - Top Extruder
VALVE (PNEUMATIC) INSPECTION - T3285 - Top Extruder"
T3140M1PDMM1,Inspect Motor(AC)
T3140M1PPMM,"Inspect GearBox - T3290 - Top Calender Roll 1
Inspect Roll(Calender) - T3290 - Top Calender Roll 1
Inspect GearBox - T3291 - Top Calender Roll 2
Inspect Roll(Calender) - T3291 - Top Calender Roll 2
Inspect GearBox - T3293 - Top Calender Roll 3
Inspect Roll(Calender) - T3293 - Top Calender Roll 3"
T3140M1PPMM1,Inspect Packing Gland
T3140M1PPMM2,Inspect Oil(Gearbox)
T3140M1PPMM3,Inspect Hose
T3140M1PPMM4,Inspect Roll
T3140M1PPMM5,"Inspect GearBox - T3211 - Bottom Extrusion Calender Roll 2
Inspect Roll(Calender) - T3211 - Bottom Extrusion Calender Roll 2
Inspect GearBox - T3214 - Bottom Extrusion Calender Roll 3
Inspect Roll(Calender) - T3214 - Bottom Extrusion Calender Roll 3"
T3140M3PDME,"BEARING INSPECTION - T3198 - Bottom Extruder
JUNCTION BOX INSPECTION - T3198 - Bottom Extruder
BEARING INSPECTION - T3285 - Top Extruder
JUNCTION BOX INSPECTION - T3285 - Top Extruder"
T3140M3PDMM,BEARING INSPECTION
T3140M3PDMM1,"Motor (AC) Bearing Inspection - T3179 - Bottom Extrusion Flame Retardant Feeder 10
Motor (DC) Bearing Inspection - T3179 - Bottom Extrusion Flame Retardant Feeder 10
Gearbox Bearing Inspection - T3179 - Bottom Extrusion Flame Retardant Feeder 10
Belt (Timing) Inspection - T3179 - Bottom Extrusion Flame Retardant Feeder 10
Pulley (Timing) Inspection - T3179 - Bottom Extrusion Flame Retardant Feeder 10
Conveyor Screw Bearing Inspection - T3179 - Bottom Extrusion Flame Retardant Feeder 10
Motor (AC) Bearing Inspection - T3188 - Bottom Extrusion Edge Trim Feeder 12
Motor (DC) Bearing Inspection - T3188 - Bottom Extrusion Edge Trim Feeder 12
Gearbox Bearing Inspection - T3188 - Bottom Extrusion Edge Trim Feeder 12
Belt (Timing) Inspection - T3188 - Bottom Extrusion Edge Trim Feeder 12
Pulley (Timing) Inspection - T3188 - Bottom Extrusion Edge Trim Feeder 12
Conveyor Screw Bearing Inspection - T3188 - Bottom Extrusion Edge Trim Feeder 12
Motor (AC) Bearing Inspection - T3193 - Bottom Extrusion Weathering Package Feeder 13
Motor (DC) Bearing Inspection - T3193 - Bottom Extrusion Weathering Package Feeder 13
Gearbox Bearing Inspection - T3193 - Bottom Extrusion Weathering Package Feeder 13
Belt (Timing) Inspection - T3193 - Bottom Extrusion Weathering Package Feeder 13
Pulley (Timing) Inspection - T3193 - Bottom Extrusion Weathering Package Feeder 13
Conveyor Screw Bearing Inspection - T3193 - Bottom Extrusion Weathering Package Feeder 13
Motor (AC) Bearing Inspection - T3280 - Top Weathering Package Feeder 5
Motor (DC) Bearing Inspection - T3280 - Top Weathering Package Feeder 5
Gearbox Bearing Inspection - T3280 - Top Weathering Package Feeder 5
Belt (Timing) Inspection - T3280 - Top Weathering Package Feeder 5
Pulley (Timing) Inspection - T3280 - Top Weathering Package Feeder 5
Conveyor Screw Bearing Inspection - T3280 - Top Weathering Package Feeder 5"
T3140M3PDMM2,"Gearbox Bearing Inspection - T3185 - Bottom Extrusion Recycle Feeder 11
Belt (Timing) Inspection - T3185 - Bottom Extrusion Recycle Feeder 11
Pulley (Timing) Inspection - T3185 - Bottom Extrusion Recycle Feeder 11
Conveyor Screw Bearing Inspection - T3185 - Bottom Extrusion Recycle Feeder 11
Motor (DC) Bearing Inspection - T3185 - Bottom Extrusion Recycle Feeder 11
Gearbox Bearing Inspection - T3265 - Top Resin Feeder 1
Belt (Timing) Inspection - T3265 - Top Resin Feeder 1
Pulley (Timing) Inspection - T3265 - Top Resin Feeder 1
Conveyor Screw Bearing Inspection - T3265 - Top Resin Feeder 1
Motor (DC) Bearing Inspection - T3265 - Top Resin Feeder 1
Gearbox Bearing Inspection - T3274 - Top Flame Retardant Feeder 4
Belt (Timing) Inspection - T3274 - Top Flame Retardant Feeder 4
Pulley (Timing) Inspection - T3274 - Top Flame Retardant Feeder 4
Conveyor Screw Bearing Inspection - T3274 - Top Flame Retardant Feeder 4
Motor (DC) Bearing Inspection - T3274 - Top Flame Retardant Feeder 4"
T3140M3PDMM3,"Motor Bearing - T3203 - Bottom Extruder Melt Pump
Valve Inspection - T3203 - Bottom Extruder Melt Pump
Pump Bearing - T3203 - Bottom Extruder Melt Pump
Motor Bearing - T3288 - Top Extruder Melt Pump
Valve Inspection - T3288 - Top Extruder Melt Pump
Pump Bearing - T3288 - Top Extruder Melt Pump"
T3140M3PPME,"Inspect Fan(Motor) - T3198 - Bottom Extruder
Inspect Power Cable - T3198 - Bottom Extruder
Inspect Junction Box - T3198 - Bottom Extruder
Inspect Coupling - T3198 - Bottom Extruder
Inspect Bolt - T3198 - Bottom Extruder
Inspect Fan(Motor) - T3285 - Top Extruder
Inspect Power Cable - T3285 - Top Extruder
Inspect Junction Box - T3285 - Top Extruder
Inspect Coupling - T3285 - Top Extruder
Inspect Bolt - T3285 - Top Extruder"
T3140M3PPME1,Inspect Sensor(Thermo)
T3140M3PPME2,"Inspect Load Cell - T3170 - Bottom Extrusion Resin Feeder 7
Inspect Load Cell Test - T3170 - Bottom Extrusion Resin Feeder 7
Inspect Load Cell - T3176 - Bottom Extrusion Pigment Feeder 9 (Black)
Inspect Load Cell Test - T3176 - Bottom Extrusion Pigment Feeder 9 (Black)
Inspect Load Cell - T3179 - Bottom Extrusion Flame Retardant Feeder 10
Inspect Load Cell Test - T3179 - Bottom Extrusion Flame Retardant Feeder 10
Inspect Load Cell - T3185 - Bottom Extrusion Recycle Feeder 11
Inspect Load Cell Test - T3185 - Bottom Extrusion Recycle Feeder 11
Inspect Load Cell - T3188 - Bottom Extrusion Edge Trim Feeder 12
Inspect Load Cell Test - T3188 - Bottom Extrusion Edge Trim Feeder 12
Inspect Load Cell - T3193 - Bottom Extrusion Weathering Package Feeder 13
Inspect Load Cell Test - T3193 - Bottom Extrusion Weathering Package Feeder 13
Inspect Load Cell - T3265 - Top Resin Feeder 1
Inspect Load Cell Test - T3265 - Top Resin Feeder 1"
T3140M3PPME3,"Junction Box Inspection - T3208 - Bottom Extrusion Calender Roll 1
Fan Motor (AC) Inspection - T3208 - Bottom Extrusion Calender Roll 1
Power Cable Inspection - T3208 - Bottom Extrusion Calender Roll 1
Motor and Gearbox  Coupling Inspection - T3208 - Bottom Extrusion Calender Roll 1
Junction Box Inspection - T3211 - Bottom Extrusion Calender Roll 2
Fan Motor (AC) Inspection - T3211 - Bottom Extrusion Calender Roll 2
Power Cable Inspection - T3211 - Bottom Extrusion Calender Roll 2
Motor and Gearbox  Coupling Inspection - T3211 - Bottom Extrusion Calender Roll 2
Junction Box Inspection - T3214 - Bottom Extrusion Calender Roll 3
Fan Motor (AC) Inspection - T3214 - Bottom Extrusion Calender Roll 3
Power Cable Inspection - T3214 - Bottom Extrusion Calender Roll 3
Motor and Gearbox  Coupling Inspection - T3214 - Bottom Extrusion Calender Roll 3
Junction Box Inspection - T3290 - Top Calender Roll 1
Fan Motor (AC) Inspection - T3290 - Top Calender Roll 1
Power Cable Inspection - T3290 - Top Calender Roll 1
Motor and Gearbox  Coupling Inspection - T3290 - Top Calender Roll 1"
T3140M3PPMM,Inspect Bolt
T3140M3PPMM1,"Inspect Lubricator - T3198 - Bottom Extruder
Inspect Filter - T3198 - Bottom Extruder
Inspect Lubricator - T3285 - Top Extruder
Inspect Filter - T3285 - Top Extruder"
T3140M3PPMM2,Inspect Regulator(Pneumatic)
T3140M3PPMM3,Inspect Bolt
T3140M3PPMM4,"Inspect Bolts (Motor AC and Roll (Calender)) - T3211 - Bottom Extrusion Calender Roll 2
Inspect Bolt (Motor AC and Roll (Calender)) - T3214 - Bottom Extrusion Calender Roll 3"
T3140M3PPMO,Inspect Bolt
T3140M6PDMM,PIPE (PNEUMATIC) INSPECTION
T3140M6PPMM,Inspect Screw
T3140W1HKGE,"Fan Motor Inspection - T3170 - Bottom Extrusion Resin Feeder 7
Screw Inspection - T3170 - Bottom Extrusion Resin Feeder 7
Chute Inspection - T3170 - Bottom Extrusion Resin Feeder 7
Fan Motor Inspection - T3179 - Bottom Extrusion Flame Retardant Feeder 10
Screw Inspection - T3179 - Bottom Extrusion Flame Retardant Feeder 10
Chute Inspection - T3179 - Bottom Extrusion Flame Retardant Feeder 10
Fan Motor Inspection - T3185 - Bottom Extrusion Recycle Feeder 11
Screw Inspection - T3185 - Bottom Extrusion Recycle Feeder 11
Chute Inspection - T3185 - Bottom Extrusion Recycle Feeder 11
Fan Motor Inspection - T3188 - Bottom Extrusion Edge Trim Feeder 12
Screw Inspection - T3188 - Bottom Extrusion Edge Trim Feeder 12
Chute Inspection - T3188 - Bottom Extrusion Edge Trim Feeder 12
Fan Motor Inspection - T3193 - Bottom Extrusion Weathering Package Feeder 13
Screw Inspection - T3193 - Bottom Extrusion Weathering Package Feeder 13
Chute Inspection - T3193 - Bottom Extrusion Weathering Package Feeder 13"
T3140W1HKGO,ROLL (CALENDER) INSPECTION
T3140W1HKGO1,LENS INSPECTION
T3140W1PPMM,AIR NOZZLE INSPECTION
T3140W1PPMM1,Inspect Trough(TPO Extruder)
T3140W52PPMO,Inspect Load Cell Test
T3140Y1LUBM,OIL (GEARBOX) INSPECTION
T3140Y1LUBM1,Replace Gearbox Oil
T3140Y1LUBM2,Gearbox Oil Inspection
T3140Y1PDME,WINDING INSPECTION
T3140Y1PDMM,"SCREW INSPECTION - T3198 - Bottom Extruder
BEARING INSPECTION - T3198 - Bottom Extruder
SCREW INSPECTION - T3285 - Top Extruder
BEARING INSPECTION - T3285 - Top Extruder"
T3140Y1PPME,"Inspect Encoder - T3198 - Bottom Extruder
Inspect Winding(AC) - T3198 - Bottom Extruder
Inspect Encoder - T3285 - Top Extruder
Inspect Winding(AC) - T3285 - Top Extruder"
T3140Y1PPMM,CLUTCH INSPECTION
T3140Y1PPMM1,Inspect Extrusion Die
T3140Y1PPMM2,NUCLEAR GAUGE INSPECTION
T3400M1PPMM,"Inspect GearBox - T3423 - Cooling Roll 2
Inspect Roll - T3423 - Cooling Roll 2
Inspect Roll(Chrome) - T3423 - Cooling Roll 2
Inspect GearBox - T3426 - Cooling Roll 3
Inspect Roll - T3426 - Cooling Roll 3
Inspect Roll(Chrome) - T3426 - Cooling Roll 3
Inspect GearBox - T3429 - Cooling Roll 4
Inspect Roll - T3429 - Cooling Roll 4
Inspect Roll(Chrome) - T3429 - Cooling Roll 4
Inspect GearBox - T3432 - Cooling Roll 5
Inspect Roll - T3432 - Cooling Roll 5
Inspect Roll(Chrome) - T3432 - Cooling Roll 5
Inspect GearBox - T3420 - Cooling Roll 1
Inspect Roll - T3420 - Cooling Roll 1
Inspect Roll(Chrome) - T3420 - Cooling Roll 1"
T4200W1HKGM,PHOTO EYE INSPECTION
T4200W1HKGO,ROLL INSPECTION
T4400M1LUBM,BEARING INSPECTION
T4400M1PDMM,BEARING INSPECTION
T4400M1PDMM1,"PULLEY (CONVEYOR) INSPECTION - T4404 - Single Roll Belt Conveyor 1 (with Reject Mechanism)
BEARING INSPECTION - T4404 - Single Roll Belt Conveyor 1 (with Reject Mechanism)
PULLEY (CONVEYOR) INSPECTION - T4408 - Single Roll Belt Conveyor 2
BEARING INSPECTION - T4408 - Single Roll Belt Conveyor 2"
T4400M1PPMM1,BEARING INSPECTION
T4400M1PPMM2,"Inspect Belt(Conveyor) - T4404 - Single Roll Belt Conveyor 1 (with Reject Mechanism)
Inspect Pulley(Conveyor) - T4404 - Single Roll Belt Conveyor 1 (with Reject Mechanism)
Inspect Belt(Conveyor) - T4408 - Single Roll Belt Conveyor 2
Inspect Pulley(Conveyor) - T4408 - Single Roll Belt Conveyor 2"
T4400W1HKGM,BELT (CONVEYOR) INSPECTION
T4400W1HKGO,ROLL INSPECTION
T4400Y1PPMM1,Inspect Idler Roller(Conveyor)
T4600M1LUBM,BEARING INSPECTION
T4600M1PDMM,BEARING INSPECTION
T4600M3HKGM,ROLLER (CONVEYOR) INSPECTION
T4600M3PPMM,Inspect Roller(Conveyor)
WAC001M1PDME,Winding (AC) Inspection
